UH#,GLOSS#,Version,Location,Country,Latitude,Longitude,Start,End,Data,CSV,NetCDF,OldNetCDF,Meta
1,115,a,Pohnpei,Micronesia (Federated States of),6.978,158.197,5/9/1969,2/27/1971,daily hourly,daily hourly,daily hourly,daily hourly,meta
1,115,b,Pohnpei,Micronesia (Federated States of),6.978,158.197,4/22/1974,12/31/2004,daily hourly,daily hourly,daily hourly,daily hourly,meta
1,115,c,Pohnpei,Micronesia (Federated States of),6.978,158.197,12/17/2001,12/31/2021,daily hourly,daily hourly,daily hourly,daily hourly,meta
2,113,a,"Tarawa, Bairiki",Kiribati,1.332,173.013,5/4/1974,12/30/1983,daily hourly,daily hourly,daily hourly,daily hourly,meta
2,113,b,"Tarawa, Bairiki",Kiribati,1.332,173.013,5/18/1983,5/9/1988,daily hourly,daily hourly,daily hourly,daily hourly,meta
2,113,c,"Tarawa, Bairiki",Kiribati,1.332,173.013,1/21/1988,12/31/1997,daily hourly,daily hourly,daily hourly,daily hourly,meta
2,113,d,"Tarawa, Bairiki",Kiribati,1.332,173.013,12/4/1992,12/31/2021,daily hourly,daily hourly,daily hourly,daily hourly,meta
3,169,a,Baltra,Ecuador,-0.437,-90.285,6/2/1968,12/25/1977,daily hourly,daily hourly,daily hourly,daily hourly,meta
3,169,b,Baltra,Ecuador,-0.437,-90.285,3/26/1985,12/31/2018,daily hourly,daily hourly,daily hourly,daily hourly,meta
4,114,a,Nauru,Nauru,-0.528,166.905,5/7/1974,1/4/1995,daily hourly,daily hourly,daily hourly,daily hourly,meta
4,114,b,Nauru,Nauru,-0.528,166.905,7/8/1993,12/31/2021,daily hourly,daily hourly,daily hourly,daily hourly,meta
5,112,a,Majuro,Marshall Islands (the),7.108,171.372,10/7/1968,12/31/1999,daily hourly,daily hourly,daily hourly,daily hourly,meta
5,112,b,Majuro,Marshall Islands (the),7.108,171.372,5/14/1993,12/31/2021,daily hourly,daily hourly,daily hourly,daily hourly,meta
6,,a,Enewetok,Marshall Islands (the),11.43,162.387,4/24/1951,12/30/1971,daily hourly,daily hourly,daily hourly,daily hourly,meta
6,,b,Enewetok,Marshall Islands (the),11.43,162.387,8/6/1974,8/7/1979,daily hourly,daily hourly,daily hourly,daily hourly,meta
7,120,a,Malakal,Palau,7.33,134.463,1/1/1926,12/9/1939,daily hourly,daily hourly,daily hourly,daily hourly,meta
7,120,b,Malakal,Palau,7.33,134.463,5/19/1969,12/31/2018,daily hourly,daily hourly,daily hourly,daily hourly,meta
8,119,a,Yap,Micronesia (Federated States of),9.517,138.133,3/1/1951,12/30/1952,daily hourly,daily hourly,daily hourly,daily hourly,meta
8,119,b,Yap,Micronesia (Federated States of),9.517,138.133,5/11/1969,12/31/2018,daily hourly,daily hourly,daily hourly,daily hourly,meta
9,66,a,Honiara,Solomon Islands,-9.422,159.955,11/21/1974,1/4/1995,daily hourly,daily hourly,daily hourly,daily hourly,meta
9,66,b,Honiara,Solomon Islands,-9.422,159.955,7/28/1994,12/31/2021,daily hourly,daily hourly,daily hourly,daily hourly,meta
10,65,a,Rabaul,Papua New Guinea,-4.2,152.175,4/6/1966,12/31/1997,daily hourly,daily hourly,daily hourly,daily hourly,meta
11,146,a,Christmas,Kiribati,1.985,-157.477,12/2/1955,3/31/1972,daily hourly,daily hourly,daily hourly,daily hourly,meta
11,146,b,Christmas,Kiribati,1.985,-157.477,2/7/1974,12/31/2018,daily hourly,daily hourly,daily hourly,daily hourly,meta
12,,a,Fanning,Kiribati,3.907,-159.387,8/11/1957,11/8/1958,daily hourly,daily hourly,daily hourly,daily hourly,meta
12,,b,Fanning,Kiribati,3.907,-159.387,12/13/1972,8/19/1987,daily hourly,daily hourly,daily hourly,daily hourly,meta
12,,c,Fanning,Kiribati,3.907,-159.387,10/4/1988,12/31/1990,daily hourly,daily hourly,daily hourly,daily hourly,meta
13,145,a,Kanton,Kiribati,-2.81,-171.718,5/29/1949,9/14/1967,daily hourly,daily hourly,daily hourly,daily hourly,meta
13,145,b,Kanton,Kiribati,-2.81,-171.718,5/2/1972,12/31/2018,daily hourly,daily hourly,daily hourly,daily hourly,meta
14,107,a,French Frigate,United States of America (the),23.868,-166.288,7/4/1974,3/5/2007,daily hourly,daily hourly,daily hourly,daily hourly,meta
14,107,b,French Frigate,United States of America (the),23.868,-166.288,5/27/2007,10/3/2018,daily hourly,daily hourly,daily hourly,daily hourly,meta
15,140,a,Papeete,France,-17.532,-149.567,5/2/1969,5/30/1975,daily hourly,daily hourly,daily hourly,daily hourly,meta
15,140,b,Papeete,France,-17.532,-149.567,6/9/1975,12/31/2018,daily hourly,daily hourly,daily hourly,daily hourly,meta
16,138,a,Rikitea,France,-23.125,-134.953,10/6/1969,12/31/2018,daily hourly,daily hourly,daily hourly,daily hourly,meta
17,,a,Hiva Oa,France,-9.81,-139.027,10/29/1977,10/1/1980,daily hourly,daily hourly,daily hourly,daily hourly,meta
17,,b,Hiva Oa,France,-9.81,-139.027,9/5/2010,9/4/2017,daily hourly,daily hourly,daily hourly,daily hourly,meta
18,122,a,Suva,Fiji,-18.132,178.427,10/1/1972,11/8/1997,daily hourly,daily hourly,daily hourly,daily hourly,meta
18,122,b,Suva,Fiji,-18.132,178.427,1/27/1998,12/31/2021,daily hourly,daily hourly,daily hourly,daily hourly,meta
19,123,a,Noumea,France,-22.242,166.417,2/25/1967,12/31/2018,daily hourly,daily hourly,daily hourly,daily hourly,meta
21,176,a,Juan Fernandez,Chile,-33.622,-78.833,1/27/1977,5/2/1984,daily hourly,daily hourly,daily hourly,daily hourly,meta
21,176,b,Juan Fernandez,Chile,-33.622,-78.833,9/5/1985,12/31/2018,daily hourly,daily hourly,daily hourly,daily hourly,meta
22,137,a,Easter,Chile,-27.15,-109.448,1/17/1957,12/31/1958,daily hourly,daily hourly,daily hourly,daily hourly,meta
22,137,b,Easter,Chile,-27.15,-109.448,1/28/1962,4/17/1963,daily hourly,daily hourly,daily hourly,daily hourly,meta
22,137,c,Easter,Chile,-27.15,-109.448,4/3/1970,12/26/2018,daily hourly,daily hourly,daily hourly,daily hourly,meta
23,139,a,Rarotonga,Cook Islands (the),-21.207,-159.775,4/25/1977,12/8/1997,daily hourly,daily hourly,daily hourly,daily hourly,meta
23,139,b,Rarotonga,Cook Islands (the),-21.207,-159.775,2/20/1993,12/31/2021,daily hourly,daily hourly,daily hourly,daily hourly,meta
24,143,a,Penrhyn,Cook Islands (the),-8.977,-158.053,4/17/1977,12/31/2018,daily hourly,daily hourly,daily hourly,daily hourly,meta
25,121,a,Funafuti,Tuvalu,-8.525,179.195,10/18/1977,12/31/1999,daily hourly,daily hourly,daily hourly,daily hourly,meta
25,121,b,Funafuti,Tuvalu,-8.525,179.195,3/24/1993,12/31/2021,daily hourly,daily hourly,daily hourly,daily hourly,meta
26,108,a,"Honolulu, Kewalo",United States of America (the),21.295,-157.862,1/25/1978,2/17/1986,daily hourly,daily hourly,daily hourly,daily hourly,meta
27,108,a,"Honolulu, Pier 45",United States of America (the),21.318,-157.885,10/26/1985,12/31/1988,daily hourly,daily hourly,daily hourly,daily hourly,meta
28,118,a,Saipan,United States of America (the),15.227,145.742,3/3/1938,3/19/1940,daily hourly,daily hourly,daily hourly,daily hourly,meta
28,118,b,Saipan,United States of America (the),15.227,145.742,9/19/1978,12/31/2018,daily hourly,daily hourly,daily hourly,daily hourly,meta
29,117,a,Kapingamarangi,Micronesia (Federated States of),1.098,154.777,9/9/1978,12/4/2018,daily hourly,daily hourly,daily hourly,daily hourly,meta
30,,a,Santa Cruz,Ecuador,-0.755,-90.313,10/20/1978,12/31/2018,daily hourly,daily hourly,daily hourly,daily hourly,meta
31,142,a,Nuku Hiva,France,-8.93,-140.082,4/1/1982,12/31/2018,daily hourly,daily hourly,daily hourly,daily hourly,meta
33,69,a,Bitung,Indonesia,1.44,125.193,12/15/1986,12/31/2018,daily hourly,daily hourly,daily hourly,daily hourly,meta
34,161,a,Cabo San Lucas,Mexico,22.88,-109.908,6/13/1973,8/31/2003,daily hourly,daily hourly,daily hourly,daily hourly,meta
35,177,a,San Felix,Chile,-26.292,-80.108,11/7/1987,12/31/2018,daily hourly,daily hourly,daily hourly,daily hourly,meta
36,160,a,Guadalupe,Mexico,28.883,-118.3,7/24/1977,12/30/1985,daily hourly,daily hourly,daily hourly,daily hourly,meta
37,,a,"Pago Bay, Guam",United States of America (the),13.428,144.797,4/29/2004,12/31/2022,daily hourly,daily hourly,daily hourly,daily hourly,meta
38,125,a,Nuku'alofa,Tonga,-21.133,-175.167,6/21/1990,12/31/2021,daily hourly,daily hourly,daily hourly,daily hourly,meta
39,,a,"Kodiak Isl., Alaska",United States of America (the),57.748,-152.483,1/2/1975,10/12/1984,daily hourly,daily hourly,daily hourly,daily hourly,meta
39,,b,"Kodiak Isl., Alaska",United States of America (the),57.748,-152.483,7/12/1984,12/31/2022,daily hourly,daily hourly,daily hourly,daily hourly,meta
40,302,a,"Adak, Alaska",United States of America (the),51.858,-176.635,3/17/1950,12/31/2021,daily hourly,daily hourly,daily hourly,daily hourly,meta
41,102,a,"Dutch Harbor, AK",United States of America (the),53.88,-166.537,1/2/1950,6/8/1955,daily hourly,daily hourly,daily hourly,daily hourly,meta
41,102,b,"Dutch Harbor, AK",United States of America (the),53.88,-166.537,1/2/1982,12/31/2021,daily hourly,daily hourly,daily hourly,daily hourly,meta
43,,a,Palmyra Island,United States of America (the),5.883,-162.088,6/1/1947,11/11/1949,daily hourly,daily hourly,daily hourly,daily hourly,meta
43,,b,Palmyra Island,United States of America (the),5.883,-162.088,11/30/2012,12/31/2018,daily hourly,daily hourly,daily hourly,daily hourly,meta
45,,a,Jarvis,United States of America (the),-0.383,-160.033,8/20/1957,11/23/1957,daily hourly,daily hourly,daily hourly,daily hourly,meta
46,348,a,Port Vila,Vanuatu,-17.767,168.3,1/1/1977,12/29/1982,daily hourly,daily hourly,daily hourly,daily hourly,meta
46,348,b,Port Vila,Vanuatu,-17.767,168.3,1/15/1993,12/31/2021,daily hourly,daily hourly,daily hourly,daily hourly,meta
47,103,a,Chichijima,Japan,27.1,142.183,3/31/1975,12/31/2023,daily hourly,daily hourly,daily hourly,daily hourly,meta
48,,a,Anewa Bay,Papua New Guinea,-6.183,155.883,8/5/1968,12/30/1977,daily hourly,daily hourly,daily hourly,daily hourly,meta
49,104,a,Minamitorishima,Japan,24.282,153.978,10/5/1996,3/11/2020,daily hourly,daily hourly,daily hourly,daily hourly,meta
49,104,b,Minamitorishima,Japan,24.282,153.978,3/12/2020,12/31/2023,daily hourly,daily hourly,daily hourly,daily hourly,meta
50,106,a,Midway,United States of America (the),28.217,-177.367,2/9/1947,12/31/2021,daily hourly,daily hourly,daily hourly,daily hourly,meta
51,105,a,Wake,United States of America (the),19.283,166.617,5/31/1950,12/31/2021,daily hourly,daily hourly,daily hourly,daily hourly,meta
52,109,a,Johnston,United States of America (the),16.738,-169.53,5/2/1947,12/31/2018,daily hourly,daily hourly,daily hourly,daily hourly,meta
53,149,a,Guam,United States of America (the),13.433,144.65,3/11/1948,12/31/2021,daily hourly,daily hourly,daily hourly,daily hourly,meta
54,116,a,Chuuk,Micronesia (Federated States of),7.45,151.85,10/2/1947,12/30/1991,daily hourly,daily hourly,daily hourly,daily hourly,meta
55,111,a,Kwajalein,Marshall Islands (the),8.733,167.733,6/8/1946,12/31/2021,daily hourly,daily hourly,daily hourly,daily hourly,meta
56,144,a,Pago Pago,American Samoa,-14.283,-170.683,9/9/1948,12/31/2019,daily hourly,daily hourly,daily hourly,daily hourly,meta
57,108,a,"Honolulu, Hawaii",United States of America (the),21.307,-157.867,1877-06-22,1892-07-12,daily hourly,daily hourly,daily hourly,daily hourly,meta
57,108,b,"Honolulu, Hawaii",United States of America (the),21.307,-157.867,1/2/1905,12/31/2021,daily hourly,daily hourly,daily hourly,daily hourly,meta
58,,a,Nawiliwili,United States of America (the),21.967,-159.35,12/2/1954,12/31/2021,daily hourly,daily hourly,daily hourly,daily hourly,meta
59,,a,Kahului,United States of America (the),20.9,-156.467,10/20/1950,12/31/2021,daily hourly,daily hourly,daily hourly,daily hourly,meta
60,287,a,"Hilo, Hawaii",United States of America (the),19.733,-155.067,1/23/1927,12/31/2021,daily hourly,daily hourly,daily hourly,daily hourly,meta
61,,a,Mokuoloe,United States of America (the),21.433,-157.8,5/2/1957,12/31/2021,daily hourly,daily hourly,daily hourly,daily hourly,meta
62,124,a,Norfolk Island,Australia,-29.067,167.933,11/14/1985,12/31/1986,daily hourly,daily hourly,daily hourly,daily hourly,meta
62,124,b,Norfolk Island,Australia,-29.067,167.933,2/2/1994,12/31/1999,daily hourly,daily hourly,daily hourly,daily hourly,meta
63,,a,Wewak,Papua New Guinea,-3.57,143.633,8/30/1984,10/29/1994,daily hourly,daily hourly,daily hourly,daily hourly,meta
64,,a,Port Moresby,Papua New Guinea,-9.478,147.14,8/11/1984,12/31/1993,daily hourly,daily hourly,daily hourly,daily hourly,meta
65,331,a,Manus,Papua New Guinea,-2.013,147.272,9/5/1984,12/31/1994,daily hourly,daily hourly,daily hourly,daily hourly,meta
66,,a,Madang,Papua New Guinea,-5.2,145.8,8/23/1984,12/31/1998,daily hourly,daily hourly,daily hourly,daily hourly,meta
67,,a,Lae,Papua New Guinea,-6.733,146.983,9/1/1984,11/30/1997,daily hourly,daily hourly,daily hourly,daily hourly,meta
68,,a,Kavieng,Papua New Guinea,-2.585,150.795,9/11/1984,12/31/1994,daily hourly,daily hourly,daily hourly,daily hourly,meta
69,63,a,Alotau,Papua New Guinea,-10.317,150.453,9/22/1984,2/23/1995,daily hourly,daily hourly,daily hourly,daily hourly,meta
70,127,a,Auckland,New Zealand,-36.85,174.767,5/1/1984,12/30/1988,daily hourly,daily hourly,daily hourly,daily hourly,meta
71,101,a,Wellington,New Zealand,-41.283,174.783,11/18/1944,12/30/2019,daily hourly,daily hourly,daily hourly,daily hourly,meta
72,129,a,Bluff,New Zealand,-46.6,168.35,10/1/1984,12/30/2019,daily hourly,daily hourly,daily hourly,daily hourly,meta
73,,a,Tauranga,New Zealand,-37.65,176.183,8/1/1984,12/30/2019,daily hourly,daily hourly,daily hourly,daily hourly,meta
74,,a,West Port,New Zealand,-41.733,171.6,8/1/1984,12/30/1985,daily hourly,daily hourly,daily hourly,daily hourly,meta
75,,a,Wanganui,New Zealand,-39.947,174.99,9/1/1984,12/26/1985,daily hourly,daily hourly,daily hourly,daily hourly,meta
76,,a,Taranaki,New Zealand,-39.05,174.033,12/3/1955,12/30/2019,daily hourly,daily hourly,daily hourly,daily hourly,meta
77,,a,Nelson,New Zealand,-41.267,173.267,7/1/1984,12/30/2019,daily hourly,daily hourly,daily hourly,daily hourly,meta
78,,a,Gisborne,New Zealand,-38.683,178.033,10/1/1984,3/24/1991,daily hourly,daily hourly,daily hourly,daily hourly,meta
78,,b,Gisborne,New Zealand,-38.683,178.033,1/1/2010,12/30/2019,daily hourly,daily hourly,daily hourly,daily hourly,meta
79,128,a,Chatham,New Zealand,-43.947,-176.562,1/1/2001,9/30/2010,daily hourly,daily hourly,daily hourly,daily hourly,meta
80,174,a,Antofagasta,Chile,-23.65,-70.4,12/7/1945,12/31/2018,daily hourly,daily hourly,daily hourly,daily hourly,meta
81,175,a,Valparaiso,Chile,-33.033,-71.633,1/3/1944,12/31/2018,daily hourly,daily hourly,daily hourly,daily hourly,meta
82,182,a,Acajutla,El Salvador,13.583,-89.833,7/19/1962,7/31/2001,daily hourly,daily hourly,daily hourly,daily hourly,meta
82,182,b,Acajutla,El Salvador,13.583,-89.833,8/2/2001,12/21/2009,daily hourly,daily hourly,daily hourly,daily hourly,meta
82,182,c,Acajutla,El Salvador,13.583,-89.833,8/20/2010,12/31/2018,daily hourly,daily hourly,daily hourly,daily hourly,meta
83,,a,Arica,Chile,-18.467,-70.333,10/3/1982,12/31/1998,daily hourly,daily hourly,daily hourly,daily hourly,meta
84,,a,Lobos de Afuera,Peru,-6.933,-80.717,7/2/1982,12/31/2016,daily hourly,daily hourly,daily hourly,daily hourly,meta
85,170,a,Buenaventura,Colombia,3.9,-77.1,5/12/1953,12/31/2014,daily hourly,daily hourly,daily hourly,daily hourly,meta
86,,a,La Union,El Salvador,13.333,-87.817,1/2/1954,11/11/1980,daily hourly,daily hourly,daily hourly,daily hourly,meta
86,,b,La Union,El Salvador,13.333,-87.817,1/2/2001,12/31/2010,daily hourly,daily hourly,daily hourly,daily hourly,meta
87,167,a,Quepos,Costa Rica,9.4,-84.167,1/2/1961,12/31/1994,daily hourly,daily hourly,daily hourly,daily hourly,meta
87,167,b,Quepos,Costa Rica,9.4,-84.167,10/9/2009,9/4/2017,daily hourly,daily hourly,daily hourly,daily hourly,meta
88,,a,Caldera,Chile,-27.067,-70.833,1/2/1980,12/31/1998,daily hourly,daily hourly,daily hourly,daily hourly,meta
89,,a,Manta,Ecuador,-0.95,-80.733,1/2/1979,12/31/1981,daily hourly,daily hourly,daily hourly,daily hourly,meta
89,,b,Manta,Ecuador,-0.95,-80.733,1/2/1990,12/31/2012,daily hourly,daily hourly,daily hourly,daily hourly,meta
90,162,a,Socorro,Mexico,18.733,-111.017,3/2/1957,7/3/1959,daily hourly,daily hourly,daily hourly,daily hourly,meta
91,172,a,La Libertad,Ecuador,-2.2,-80.917,9/2/1949,12/31/2018,daily hourly,daily hourly,daily hourly,daily hourly,meta
92,,a,Talara,Peru,-4.582,-81.282,1/2/1950,11/30/1965,daily hourly,daily hourly,daily hourly,daily hourly,meta
92,,b,Talara,Peru,-4.582,-81.282,1/1/1988,12/31/2014,daily hourly,daily hourly,daily hourly,daily hourly,meta
93,173,a,Callao,Peru,-12.05,-77.15,1/2/1950,12/31/1965,daily hourly,daily hourly,daily hourly,daily hourly,meta
93,173,b,Callao,Peru,-12.05,-77.15,1/2/1970,9/4/2017,daily hourly,daily hourly,daily hourly,daily hourly,meta
94,,a,Matarani,Peru,-17.002,-72.108,3/23/1954,12/31/1964,daily hourly,daily hourly,daily hourly,daily hourly,meta
94,,b,Matarani,Peru,-17.002,-72.108,1/3/1992,10/14/2011,daily hourly,daily hourly,daily hourly,daily hourly,meta
94,,c,Matarani,Peru,-17.002,-72.108,10/16/2011,12/31/2019,daily hourly,daily hourly,daily hourly,daily hourly,meta
96,,a,San Juan,Peru,-15.367,-75.2,1/2/1978,7/11/2003,daily hourly,daily hourly,daily hourly,daily hourly,meta
96,,b,San Juan,Peru,-15.367,-75.2,7/13/2003,12/31/2014,daily hourly,daily hourly,daily hourly,daily hourly,meta
98,,a,Esmeraldas,Ecuador,0.992,-79.647,1/2/1990,12/31/2012,daily hourly,daily hourly,daily hourly,daily hourly,meta
100,,a,Port Stanvac,Australia,-35.108,138.467,6/24/1992,11/30/2010,daily hourly,daily hourly,daily hourly,daily hourly,meta
101,8,a,Mombasa,Kenya,-4.07,39.657,6/18/1986,12/31/2018,daily hourly,daily hourly,daily hourly,daily hourly,meta
102,,a,Dar Es Salaam,"Tanzania, United Republic of",-6.82,39.288,7/7/1986,9/29/1990,daily hourly,daily hourly,daily hourly,daily hourly,meta
103,18,a,Port Louis,Mauritius,-20.155,57.495,1/2/1942,12/30/1947,daily hourly,daily hourly,daily hourly,daily hourly,meta
103,18,b,Port Louis,Mauritius,-20.155,57.495,3/2/1964,12/30/1965,daily hourly,daily hourly,daily hourly,daily hourly,meta
103,18,c,Port Louis,Mauritius,-20.155,57.495,8/1/1986,12/31/2018,daily hourly,daily hourly,daily hourly,daily hourly,meta
104,26,b,Diego Garcia,United Kingdom of Great Britain and Northern Ireland (the),-7.29,72.393,2/1/1969,6/29/1969,daily hourly,daily hourly,daily hourly,daily hourly,meta
104,26,c,Diego Garcia,United Kingdom of Great Britain and Northern Ireland (the),-7.29,72.393,3/2/1988,12/31/2000,daily hourly,daily hourly,daily hourly,daily hourly,meta
104,26,d,Diego Garcia,United Kingdom of Great Britain and Northern Ireland (the),-7.29,72.393,8/27/2003,12/31/2018,daily hourly,daily hourly,daily hourly,daily hourly,meta
105,19,a,Rodrigues,Mauritius,-19.668,63.418,11/9/1986,9/4/2017,daily hourly,daily hourly,daily hourly,daily hourly,meta
106,,a,Praslin,Seychelles,-4.343,55.767,11/6/1987,6/26/1989,daily hourly,daily hourly,daily hourly,daily hourly,meta
107,45,a,Padang,Indonesia,-1,100.367,11/17/1986,9/29/1998,daily hourly,daily hourly,daily hourly,daily hourly,meta
107,45,b,Padang,Indonesia,-1,100.367,12/8/2005,12/31/2018,daily hourly,daily hourly,daily hourly,daily hourly,meta
108,28,a,Male,Maldives,4.183,73.517,3/1/1988,5/30/1989,daily hourly,daily hourly,daily hourly,daily hourly,meta
108,28,b,Male,Maldives,4.183,73.517,8/27/1989,9/4/2017,daily hourly,daily hourly,daily hourly,daily hourly,meta
109,27,a,Gan,Maldives,-0.687,73.152,3/5/1987,12/31/2018,daily hourly,daily hourly,daily hourly,daily hourly,meta
110,,a,Muscat,Oman,23.628,58.565,4/4/1987,8/11/1993,daily hourly,daily hourly,daily hourly,daily hourly,meta
110,,b,Muscat,Oman,23.628,58.565,12/11/2009,12/30/2018,daily hourly,daily hourly,daily hourly,daily hourly,meta
111,339,a,Port Victoria,Seychelles,-4.622,55.458,12/16/1977,12/31/1982,daily hourly,daily hourly,daily hourly,daily hourly,meta
111,339,b,Port Victoria,Seychelles,-4.622,55.458,5/29/1986,12/30/1992,daily hourly,daily hourly,daily hourly,daily hourly,meta
113,,a,Masirah,Oman,20.687,58.872,12/8/1996,12/31/2018,daily hourly,daily hourly,daily hourly,daily hourly,meta
114,4,a,Salalah,Oman,16.935,54.007,10/2/1989,5/22/2018,daily hourly,daily hourly,daily hourly,daily hourly,meta
115,33,a,Colombo,Sri Lanka,6.935,79.858,1/2/1953,12/31/1965,daily hourly,daily hourly,daily hourly,daily hourly,meta
115,33,b,Colombo,Sri Lanka,6.935,79.858,7/15/1989,8/27/1992,daily hourly,daily hourly,daily hourly,daily hourly,meta
115,33,c,Colombo,Sri Lanka,6.935,79.858,5/9/2006,10/24/2016,daily hourly,daily hourly,daily hourly,daily hourly,meta
115,33,d,Colombo,Sri Lanka,6.935,79.858,1/5/2017,9/4/2017,daily hourly,daily hourly,daily hourly,daily hourly,meta
117,,a,Hanimaadhoo,Maldives,6.767,73.173,7/20/1991,8/19/2002,daily hourly,daily hourly,daily hourly,daily hourly,meta
117,,b,Hanimaadhoo,Maldives,6.767,73.173,9/19/2002,12/31/2018,daily hourly,daily hourly,daily hourly,daily hourly,meta
119,2,a,Djibouti,Djibouti,11.608,43.14,2/21/2007,5/5/2016,daily hourly,daily hourly,daily hourly,daily hourly,meta
121,339,a,Pt. La Rue,Seychelles,-4.672,55.528,1/11/1993,12/31/2018,daily hourly,daily hourly,daily hourly,daily hourly,meta
122,,a,Sibolga,Indonesia,1.75,98.767,4/7/1989,7/1/2004,daily hourly,daily hourly,daily hourly,daily hourly,meta
122,,b,Sibolga,Indonesia,1.75,98.767,4/26/2005,12/31/2018,daily hourly,daily hourly,daily hourly,daily hourly,meta
123,347,a,Sabang,Indonesia,5.888,95.317,12/19/2005,12/31/2018,daily hourly,daily hourly,daily hourly,daily hourly,meta
124,36,a,Chittagong,Bangladesh,22.247,91.825,7/1/2007,12/6/2018,daily hourly,daily hourly,daily hourly,daily hourly,meta
125,,a,Prigi,Indonesia,-8.28,111.73,2/26/2007,12/31/2018,daily hourly,daily hourly,daily hourly,daily hourly,meta
127,95,a,"Syowa, Antarctica",Antarctica,-69,39.6,2/1/1987,12/30/2015,daily hourly,daily hourly,daily hourly,daily hourly,meta
128,308,a,Thevenard,Australia,-32.15,133.64,3/20/1992,12/31/2021,daily hourly,daily hourly,daily hourly,daily hourly,meta
129,55,a,"Portland, S.Aus.",Australia,-38.333,141.6,1/1/1991,12/31/2021,daily hourly,daily hourly,daily hourly,daily hourly,meta
130,278,a,Casey,Australia,-66.283,110.533,1/9/1996,11/15/2008,daily hourly,daily hourly,daily hourly,daily hourly,meta
132,,a,Hillarys,Australia,-31.825,115.738,1/1/1992,12/31/2021,daily hourly,daily hourly,daily hourly,daily hourly,meta
133,68,a,Ambon,Indonesia,-3.683,128.183,8/13/1992,7/30/2004,daily hourly,daily hourly,daily hourly,daily hourly,meta
133,68,b,Ambon,Indonesia,-3.683,128.183,10/2/2008,12/31/2018,daily hourly,daily hourly,daily hourly,daily hourly,meta
134,,a,Hiron Point,Bangladesh,21.783,89.467,1/17/1977,12/30/2003,daily hourly,daily hourly,daily hourly,daily hourly,meta
135,,a,Khal #10,Bangladesh,22.267,91.817,1/1/1983,12/30/1992,daily hourly,daily hourly,daily hourly,daily hourly,meta
136,,a,Cox's Bazaar,Bangladesh,21.45,91.833,1/1/1983,12/30/2006,daily hourly,daily hourly,daily hourly,daily hourly,meta
137,,a,Teknaf,Bangladesh,20.883,92.3,6/19/1983,11/23/1988,daily hourly,daily hourly,daily hourly,daily hourly,meta
138,,a,Charchanga,Bangladesh,22.217,91.05,1/1/1980,12/30/2000,daily hourly,daily hourly,daily hourly,daily hourly,meta
139,,a,Khepupara,Bangladesh,21.833,89.833,1/1/1987,12/30/2000,daily hourly,daily hourly,daily hourly,daily hourly,meta
140,,a,Kelang,Malaysia,3.05,101.358,12/16/1983,12/31/2015,daily hourly,daily hourly,daily hourly,daily hourly,meta
141,,a,Keling,Malaysia,2.215,102.153,11/7/1984,12/31/2015,daily hourly,daily hourly,daily hourly,daily hourly,meta
142,,a,Langkawi,Malaysia,6.432,99.765,11/30/1985,12/31/2018,daily hourly,daily hourly,daily hourly,daily hourly,meta
143,43,a,Lumut,Malaysia,4.24,100.613,12/13/1984,12/31/2015,daily hourly,daily hourly,daily hourly,daily hourly,meta
144,,a,Penang,Malaysia,5.422,100.347,11/16/1984,11/12/2015,daily hourly,daily hourly,daily hourly,daily hourly,meta
145,,a,Groote Eylandt,Australia,-13.86,136.417,9/23/1993,12/31/2021,daily hourly,daily hourly,daily hourly,daily hourly,meta
147,30,a,Karachi,Pakistan,24.8,66.967,1/1/1985,6/29/1994,daily hourly,daily hourly,daily hourly,daily hourly,meta
147,30,b,Karachi,Pakistan,24.8,66.967,2/1/2007,12/14/2016,daily hourly,daily hourly,daily hourly,daily hourly,meta
148,42,a,Ko Taphao Noi,Thailand,7.832,98.425,1/1/1985,12/30/2019,daily hourly,daily hourly,daily hourly,daily hourly,meta
149,,a,Lamu,Kenya,-2.272,40.903,1/1/1989,12/30/1989,daily hourly,daily hourly,daily hourly,daily hourly,meta
149,,b,Lamu,Kenya,-2.272,40.903,6/30/1995,12/31/2018,daily hourly,daily hourly,daily hourly,daily hourly,meta
150,15,a,Nosy Be,Madagascar,-13.4,48.3,1/2/1958,10/4/2014,daily hourly,daily hourly,daily hourly,daily hourly,meta
151,297,a,Zanzibar,"Tanzania, United Republic of",-6.155,39.19,3/2/1984,12/31/2018,daily hourly,daily hourly,daily hourly,daily hourly,meta
155,96,a,Dzaoudzi,France,-12.782,45.258,10/18/1963,12/31/2018,daily hourly,daily hourly,daily hourly,daily hourly,meta
158,,a,Meneng,Indonesia,-8.117,114.383,6/15/1987,12/9/1989,daily hourly,daily hourly,daily hourly,daily hourly,meta
159,,a,Pari,Indonesia,-5.85,106.617,5/31/1987,1/20/1990,daily hourly,daily hourly,daily hourly,daily hourly,meta
160,292,a,Surabaya,Indonesia,-7.208,112.725,2/1/1984,11/29/2004,daily hourly,daily hourly,daily hourly,daily hourly,meta
161,,a,Jakarta,Indonesia,-6.117,106.85,1/1/1984,9/17/2004,daily hourly,daily hourly,daily hourly,daily hourly,meta
162,291,a,Cilicap,Indonesia,-7.752,109.017,4/1/1984,3/30/2004,daily hourly,daily hourly,daily hourly,daily hourly,meta
162,291,b,Cilicap,Indonesia,-7.752,109.017,2/21/2007,7/12/2017,daily hourly,daily hourly,daily hourly,daily hourly,meta
162,291,c,Cilicap,Indonesia,-7.752,109.017,4/2/2018,12/31/2018,daily hourly,daily hourly,daily hourly,daily hourly,meta
163,49,a,Benoa,Indonesia,-8.745,115.21,4/30/1988,12/28/2004,daily hourly,daily hourly,daily hourly,daily hourly,meta
163,49,b,Benoa,Indonesia,-8.745,115.21,1/25/2006,12/31/2018,daily hourly,daily hourly,daily hourly,daily hourly,meta
164,17,a,Reunion,France,-20.935,55.285,3/1/1967,12/31/2018,daily hourly,daily hourly,daily hourly,daily hourly,meta
165,,a,Wyndham,Australia,-15.453,128.102,8/9/1984,12/31/2021,daily hourly,daily hourly,daily hourly,daily hourly,meta
166,40,a,Broome,Australia,-18,122.217,7/13/1986,12/31/2021,daily hourly,daily hourly,daily hourly,daily hourly,meta
167,52,a,Carnarvon,Australia,-24.898,113.652,4/8/1984,12/31/2021,daily hourly,daily hourly,daily hourly,daily hourly,meta
168,62,a,Darwin,Australia,-12.467,130.85,1/1/1984,12/31/2021,daily hourly,daily hourly,daily hourly,daily hourly,meta
169,51,a,Port Hedland,Australia,-20.318,118.575,1/1/1984,12/31/2021,daily hourly,daily hourly,daily hourly,daily hourly,meta
170,47,a,Christmas,Australia,-10.417,105.667,9/30/1986,12/31/2021,daily hourly,daily hourly,daily hourly,daily hourly,meta
171,46,a,Cocos,Australia,-12.117,96.883,12/12/1985,12/31/2021,daily hourly,daily hourly,daily hourly,daily hourly,meta
172,3,a,Aden,Yemen,12.788,44.975,10/10/2007,12/30/2014,daily hourly,daily hourly,daily hourly,daily hourly,meta
173,277,a,Davis,Australia,-68.45,77.967,4/23/1993,1/27/2010,daily hourly,daily hourly,daily hourly,daily hourly,meta
175,53,a,Fremantle,Australia,-32.05,115.717,1/1/1984,12/31/2021,daily hourly,daily hourly,daily hourly,daily hourly,meta
176,54,a,Esperance,Australia,-33.867,121.9,1/1/1985,12/31/2021,daily hourly,daily hourly,daily hourly,daily hourly,meta
177,22,a,Mawson,Australia,-67.6,62.867,1/6/1992,12/20/2009,daily hourly,daily hourly,daily hourly,daily hourly,meta
178,21,a,Crozet,France,-46.425,51.87,11/19/1995,6/18/1999,daily hourly,daily hourly,daily hourly,daily hourly,meta
178,21,b,Crozet,France,-46.425,51.87,3/13/2000,7/28/2001,daily hourly,daily hourly,daily hourly,daily hourly,meta
179,24,a,Saint Paul,France,-38.712,77.538,10/26/1994,12/23/2006,daily hourly,daily hourly,daily hourly,daily hourly,meta
180,23,a,Kerguelen,France,-49.345,70.22,4/6/1993,12/31/2012,daily hourly,daily hourly,daily hourly,daily hourly,meta
181,13,a,Durban,South Africa,-29.867,31.05,10/1/1970,12/30/2018,daily hourly,daily hourly,daily hourly,daily hourly,meta
182,,a,Mina Sulman,Bahrain,26.233,50.6,1/1/1979,11/4/2007,daily hourly,daily hourly,daily hourly,daily hourly,meta
184,76,a,Port Elizabeth,South Africa,-33.96,25.63,3/2/1973,12/30/2018,daily hourly,daily hourly,daily hourly,daily hourly,meta
189,131,a,Dumont d'Urville,Antarctica,-66.662,140.01,1/17/2008,8/18/2010,daily hourly,daily hourly,daily hourly,daily hourly,meta
190,,a,Maputo,Mozambique,-26.167,32.7,1/1/1974,12/30/1974,daily hourly,daily hourly,daily hourly,daily hourly,meta
190,,b,Maputo,Mozambique,-26.167,32.7,7/1/1981,12/30/1986,daily hourly,daily hourly,daily hourly,daily hourly,meta
191,,a,Antonio Enes,Mozambique,-16.232,39.902,5/12/1967,8/30/1967,daily hourly,daily hourly,daily hourly,daily hourly,meta
192,11,a,Pemba,Mozambique,-12.967,40.488,10/1/1971,1/30/1973,daily hourly,daily hourly,daily hourly,daily hourly,meta
192,11,b,Pemba,Mozambique,-12.967,40.488,12/14/1982,11/29/1984,daily hourly,daily hourly,daily hourly,daily hourly,meta
192,11,c,Pemba,Mozambique,-12.967,40.488,4/20/2007,3/1/2013,daily hourly,daily hourly,daily hourly,daily hourly,meta
193,,a,Nacala,Mozambique,-14.463,40.68,1/15/1975,3/20/1975,daily hourly,daily hourly,daily hourly,daily hourly,meta
193,,b,Nacala,Mozambique,-14.463,40.68,10/4/1982,12/31/1982,daily hourly,daily hourly,daily hourly,daily hourly,meta
201,199,a,Peter & Paul Rocks,Brazil,0.92,-29.343,11/6/1982,11/21/1985,daily hourly,daily hourly,daily hourly,daily hourly,meta
202,197,a,Natal,Brazil,-5.752,-35.195,10/29/1982,3/28/1983,daily hourly,daily hourly,daily hourly,daily hourly,meta
202,197,b,Natal,Brazil,-5.752,-35.195,6/24/1983,1/29/1984,daily hourly,daily hourly,daily hourly,daily hourly,meta
202,197,c,Natal,Brazil,-5.752,-35.195,2/1/1984,11/4/1985,daily hourly,daily hourly,daily hourly,daily hourly,meta
203,198,a,Fer. de Noronha,Brazil,-3.828,-32.403,11/8/1982,6/27/1983,daily hourly,daily hourly,daily hourly,daily hourly,meta
203,198,b,Fer. de Noronha,Brazil,-3.828,-32.403,4/18/1984,11/12/1985,daily hourly,daily hourly,daily hourly,daily hourly,meta
203,198,c,Fer. de Noronha,Brazil,-3.828,-32.403,11/14/1985,12/31/1986,daily hourly,daily hourly,daily hourly,daily hourly,meta
204,265,a,Trindade,Brazil,-20.503,-29.31,6/14/1983,8/8/1983,daily hourly,daily hourly,daily hourly,daily hourly,meta
205,,a,Arrecife,Spain,28.95,-13.567,4/1/1959,1/26/1973,daily hourly,daily hourly,daily hourly,daily hourly,meta
205,,b,Arrecife,Spain,28.95,-13.567,1/28/1973,7/29/1985,daily hourly,daily hourly,daily hourly,daily hourly,meta
205,,d,Arrecife,Spain,28.95,-13.567,1/1/1987,12/31/1991,daily hourly,daily hourly,daily hourly,daily hourly,meta
206,,a,S.Cruz d. Palma,Spain,28.683,-17.75,5/1/1949,3/1/1959,daily hourly,daily hourly,daily hourly,daily hourly,meta
206,,b,S.Cruz d. Palma,Spain,28.683,-17.75,3/3/1959,10/20/1981,daily hourly,daily hourly,daily hourly,daily hourly,meta
206,,d,S.Cruz d. Palma,Spain,28.683,-17.75,2/22/1989,12/31/1990,daily hourly,daily hourly,daily hourly,daily hourly,meta
207,249,a,Ceuta,Spain,35.9,-5.317,3/1/1944,12/31/2017,daily hourly,daily hourly,daily hourly,daily hourly,meta
208,,a,Vigo,Spain,42.233,-8.733,3/9/1943,12/30/1990,daily hourly,daily hourly,daily hourly,daily hourly,meta
209,246,a,Cascais,Portugal,38.692,-9.417,1/1/1959,12/31/2005,daily hourly,daily hourly,daily hourly,daily hourly,meta
210,244,a,"Flores, Santa Cruz",Portugal,39.453,-31.12,7/9/1976,11/23/2009,daily hourly,daily hourly,daily hourly,daily hourly,meta
211,245,a,Ponta Delgada,Portugal,37.735,-25.672,5/19/1978,12/31/2018,daily hourly,daily hourly,daily hourly,daily hourly,meta
212,,a,"Horta, Azores",Portugal,38.533,-28.622,1/1/1984,6/30/1986,daily hourly,daily hourly,daily hourly,daily hourly,meta
213,244,a,"Flores, Lajes",Portugal,39.378,-31.168,1/1/2006,12/30/2013,daily hourly,daily hourly,daily hourly,daily hourly,meta
214,,a,"Lameshur Bay, VI",United States of America (the),18.317,-64.723,8/4/2006,12/31/2022,daily hourly,daily hourly,daily hourly,daily hourly,meta
215,,a,Angra Heroismo,Portugal,38.65,-27.24,7/5/1957,8/27/1962,daily hourly,daily hourly,daily hourly,daily hourly,meta
215,,b,Angra Heroismo,Portugal,38.65,-27.24,8/1/1976,12/31/1983,daily hourly,daily hourly,daily hourly,daily hourly,meta
216,,a,Porto Grande,Portugal,16.867,-24.983,7/10/1990,12/30/1993,daily hourly,daily hourly,daily hourly,daily hourly,meta
217,251,a,Las Palmas,Spain,28.1,-15.4,4/17/1949,10/15/1956,daily hourly,daily hourly,daily hourly,daily hourly,meta
217,251,b,Las Palmas,Spain,28.1,-15.4,1/1/1971,12/31/1982,daily hourly,daily hourly,daily hourly,daily hourly,meta
217,251,c,Las Palmas,Spain,28.1,-15.4,6/24/1983,12/30/1991,daily hourly,daily hourly,daily hourly,daily hourly,meta
217,251,d,Las Palmas,Spain,28.1,-15.4,5/7/1991,12/31/2017,daily hourly,daily hourly,daily hourly,daily hourly,meta
218,250,b,Funchal,Portugal,32.64,-16.907,10/6/1976,12/30/2013,daily hourly,daily hourly,daily hourly,daily hourly,meta
219,,a,"Culebra, PR",United States of America (the),18.3,-65.302,8/20/2005,12/31/2022,daily hourly,daily hourly,daily hourly,daily hourly,meta
220,314,a,Walvis Bay,Namibia,-22.95,14.5,1/1/1959,12/3/2015,daily hourly,daily hourly,daily hourly,daily hourly,meta
221,268,a,Simon's Town,South Africa,-34.183,18.433,4/24/1959,12/30/2018,daily hourly,daily hourly,daily hourly,daily hourly,meta
222,,a,"Praia, Cape Verde",Cabo Verde,14.917,-23.5,3/3/1984,10/10/1985,daily hourly,daily hourly,daily hourly,daily hourly,meta
222,,c,"Praia, Cape Verde",Cabo Verde,14.917,-23.5,1/1/1995,1/31/1996,daily hourly,daily hourly,daily hourly,daily hourly,meta
223,253,a,Dakar,Senegal,14.677,-17.42,12/25/1982,12/11/1983,daily hourly,daily hourly,daily hourly,daily hourly,meta
223,253,b,Dakar,Senegal,14.677,-17.42,12/12/1983,1/8/1985,daily hourly,daily hourly,daily hourly,daily hourly,meta
223,253,c,Dakar,Senegal,14.677,-17.42,5/31/1986,12/15/1986,daily hourly,daily hourly,daily hourly,daily hourly,meta
223,253,d,Dakar,Senegal,14.677,-17.42,12/17/1986,5/23/1989,daily hourly,daily hourly,daily hourly,daily hourly,meta
223,253,e,Dakar,Senegal,14.677,-17.42,3/16/1992,12/31/2018,daily hourly,daily hourly,daily hourly,daily hourly,meta
225,260,a,Sao Tome,Sao Tome and Principe,0.017,6.513,12/5/1985,11/29/1988,daily hourly,daily hourly,daily hourly,daily hourly,meta
227,202,a,Cayenne,France,4.85,-52.283,1/2/2006,12/31/2007,daily hourly,daily hourly,daily hourly,daily hourly,meta
228,,a,Tenerife,Spain,28.478,-16.24,7/2/1992,7/17/2019,daily hourly,daily hourly,daily hourly,daily hourly,meta
229,,a,"Belem, USCGS",Brazil,-1.45,-48.5,1/2/1955,12/31/1968,daily hourly,daily hourly,daily hourly,daily hourly,meta
230,257,a,Abidjanridi,Cote d'Ivoire,5.242,-4,1/1/1982,12/31/1988,daily hourly,daily hourly,daily hourly,daily hourly,meta
231,335,a,Takoradi,Ghana,4.885,-1.745,1/1/1983,12/31/1986,daily hourly,daily hourly,daily hourly,daily hourly,meta
231,335,b,Takoradi,Ghana,4.885,-1.745,7/2/2004,3/31/2005,daily hourly,daily hourly,daily hourly,daily hourly,meta
231,335,c,Takoradi,Ghana,4.885,-1.745,1/5/2007,9/7/2012,daily hourly,daily hourly,daily hourly,daily hourly,meta
233,259,a,Lagos,Nigeria,6.417,3.45,5/25/1961,9/26/1969,daily hourly,daily hourly,daily hourly,daily hourly,meta
233,259,c,Lagos,Nigeria,6.417,3.45,8/3/1992,10/5/1996,daily hourly,daily hourly,daily hourly,daily hourly,meta
234,261,a,Pointe Noire,Congo (the),-4.8,11.85,1/1/1980,9/29/1988,daily hourly,daily hourly,daily hourly,daily hourly,meta
234,261,b,Pointe Noire,Congo (the),-4.8,11.85,9/11/2008,2/8/2015,daily hourly,daily hourly,daily hourly,daily hourly,meta
235,329,a,Palmeira,Cabo Verde,16.755,-22.983,3/13/2000,12/31/2018,daily hourly,daily hourly,daily hourly,daily hourly,meta
236,,a,Luanda,Angola,-8.787,13.237,1/1/1972,6/29/1975,daily hourly,daily hourly,daily hourly,daily hourly,meta
237,262,a,Lobito,Angola,-12.333,13.558,6/1/1971,12/30/1975,daily hourly,daily hourly,daily hourly,daily hourly,meta
238,,a,Mocamedes,Angola,-15.192,12.145,7/1/1971,5/12/1975,daily hourly,daily hourly,daily hourly,daily hourly,meta
239,215,a,Siboney,Cuba,23.092,-82.472,1/2/1990,12/31/1990,daily hourly,daily hourly,daily hourly,daily hourly,meta
240,,a,Fernandina Beach,United States of America (the),30.672,-81.467,1897-05-09,12/31/2021,daily hourly,daily hourly,daily hourly,daily hourly,meta
241,218,a,Miami,United States of America (the),25.903,-80.12,1/2/1985,9/21/1992,daily hourly,daily hourly,daily hourly,daily hourly,meta
242,216,a,"Key West, FL",United States of America (the),24.553,-81.808,1/20/1913,12/31/2021,daily hourly,daily hourly,daily hourly,daily hourly,meta
243,,a,"Penuelas, PR",Puerto Rico,17.972,-66.762,4/1/2001,2/9/2005,daily hourly,daily hourly,daily hourly,daily hourly,meta
244,276,a,Gibara,Cuba,21.117,-76.117,1/2/1985,12/31/1992,daily hourly,daily hourly,daily hourly,daily hourly,meta
245,206,a,"San Juan, PR",United States of America (the),18.46,-66.117,11/30/1977,12/31/2021,daily hourly,daily hourly,daily hourly,daily hourly,meta
246,,a,"Magueyes Island, PR",United States of America (the),17.972,-67.047,12/5/1954,12/31/2021,daily hourly,daily hourly,daily hourly,daily hourly,meta
247,328,a,La Guaira,Venezuela (Bolivarian Republic of),10.617,-66.933,1/2/1985,12/31/1994,daily hourly,daily hourly,daily hourly,daily hourly,meta
248,203,a,Portf-Spain,Trinidad and Tobago,10.65,-61.517,1/2/1984,12/6/1992,daily hourly,daily hourly,daily hourly,daily hourly,meta
249,,a,Bridgetown,Barbados,13.1,-59.617,10/30/1968,1/31/1970,daily hourly,daily hourly,daily hourly,daily hourly,meta
249,,b,Bridgetown,Barbados,13.1,-59.617,5/2/1990,8/29/1991,daily hourly,daily hourly,daily hourly,daily hourly,meta
249,,c,Bridgetown,Barbados,13.1,-59.617,1/21/1993,2/22/1996,daily hourly,daily hourly,daily hourly,daily hourly,meta
249,,d,Bridgetown,Barbados,13.1,-59.617,2/21/2008,12/31/2010,daily hourly,daily hourly,daily hourly,daily hourly,meta
250,212,a,"Veracruz, Ver.",Mexico,19.2,-96.133,2/2/1985,12/31/2012,daily hourly,daily hourly,daily hourly,daily hourly,meta
250,212,b,"Veracruz, Ver.",Mexico,19.2,-96.133,7/6/1999,12/13/2004,daily hourly,daily hourly,daily hourly,daily hourly,meta
251,,a,Guantanamo Bay,Cuba,19.907,-75.147,6/2/1937,12/30/1948,daily hourly,daily hourly,daily hourly,daily hourly,meta
251,,b,Guantanamo Bay,Cuba,19.907,-75.147,6/21/1995,1/31/1997,daily hourly,daily hourly,daily hourly,daily hourly,meta
252,,a,"Portland, ME",United States of America (the),43.657,-70.247,3/5/1910,12/31/2021,daily hourly,daily hourly,daily hourly,daily hourly,meta
253,290,a,"Newport, RI",United States of America (the),41.505,-71.327,9/11/1930,12/31/2021,daily hourly,daily hourly,daily hourly,daily hourly,meta
254,,a,Limetree Bay,United States of America (the),17.697,-64.753,2/3/1982,12/31/2023,daily hourly,daily hourly,daily hourly,daily hourly,meta
255,,a,Charlotte Amalie,United States of America (the),18.335,-64.92,10/1/1978,12/31/2021,daily hourly,daily hourly,daily hourly,daily hourly,meta
256,12,a,Exuma Cays,Bahamas (the),23.773,-76.105,3/24/1992,4/22/1993,daily hourly,daily hourly,daily hourly,daily hourly,meta
257,211,a,Settlement Point,Bahamas (the),26.69,-78.983,10/20/1985,5/31/2002,daily hourly,daily hourly,daily hourly,daily hourly,meta
257,211,b,Settlement Point,Bahamas (the),26.69,-78.983,6/5/2002,12/31/2018,daily hourly,daily hourly,daily hourly,daily hourly,meta
258,,a,"Christiansted, VI",United States of America (the),17.75,-64.705,2/25/2006,12/31/2022,daily hourly,daily hourly,daily hourly,daily hourly,meta
259,221,a,Bermuda,United Kingdom of Great Britain and Northern Ireland (the),32.373,-64.703,10/3/1932,12/31/1949,daily hourly,daily hourly,daily hourly,daily hourly,meta
259,221,b,Bermuda,United Kingdom of Great Britain and Northern Ireland (the),32.373,-64.703,1/2/1985,11/22/2019,daily hourly,daily hourly,daily hourly,daily hourly,meta
260,219,a,"Duck Pier, NC",United States of America (the),36.183,-75.74,6/2/1978,12/31/2021,daily hourly,daily hourly,daily hourly,daily hourly,meta
261,,a,"Charleston, SC",United States of America (the),32.782,-79.925,1/2/1901,12/31/1903,daily hourly,daily hourly,daily hourly,daily hourly,meta
261,,b,"Charleston, SC",United States of America (the),32.782,-79.925,10/2/1921,12/31/2021,daily hourly,daily hourly,daily hourly,daily hourly,meta
262,,a,"St. Augustine, FL",United States of America (the),29.857,-81.262,8/2/1978,7/14/2002,daily hourly,daily hourly,daily hourly,daily hourly,meta
263,,a,"Aguadilla, PR",United States of America (the),18.457,-67.163,6/21/2006,10/29/2012,daily hourly,daily hourly,daily hourly,daily hourly,meta
264,220,a,Atlantic City,United States of America (the),39.355,-74.418,8/20/1911,12/31/2021,daily hourly,daily hourly,daily hourly,daily hourly,meta
265,207,a,Cartagena,Colombia,10.383,-75.533,11/3/1951,4/25/1993,daily hourly,daily hourly,daily hourly,daily hourly,meta
265,207,b,Cartagena,Colombia,10.383,-75.533,5/2/1993,7/29/2019,daily hourly,daily hourly,daily hourly,daily hourly,meta
266,208,a,Cristobal,Panama,9.355,-79.915,4/4/1907,12/31/2017,daily hourly,daily hourly,daily hourly,daily hourly,meta
267,,a,"Mona Is., PR",United States of America (the),18.09,-67.938,9/19/2006,12/31/2022,daily hourly,daily hourly,daily hourly,daily hourly,meta
268,,a,Limon,Costa Rica,10,-83.033,1/2/1970,2/28/1981,daily hourly,daily hourly,daily hourly,daily hourly,meta
268,,b,Limon,Costa Rica,10,-83.033,10/16/2009,12/31/2018,daily hourly,daily hourly,daily hourly,daily hourly,meta
269,,a,Cochino Pequeno,Honduras,15.953,-86.5,5/1/1995,6/30/1996,daily hourly,daily hourly,daily hourly,daily hourly,meta
270,,a,Le Robert,France,14.683,-60.933,12/14/1976,12/30/1984,daily hourly,daily hourly,daily hourly,daily hourly,meta
271,,a,Fort de France,France,14.583,-61.05,10/31/1976,12/31/2018,daily hourly,daily hourly,daily hourly,daily hourly,meta
272,,a,Pointe-Pitre,France,16.225,-61.532,1/5/1983,12/31/2018,daily hourly,daily hourly,daily hourly,daily hourly,meta
274,,a,Churchill,Canada,58.783,-94.2,11/2/1961,12/31/2018,daily hourly,daily hourly,daily hourly,daily hourly,meta
275,222,a,Halifax,Canada,44.667,-63.583,1895-10-16,8/12/2014,daily hourly,daily hourly,daily hourly,daily hourly,meta
276,223,a,St. John's,Canada,47.567,-52.7,8/3/1935,9/2/1989,daily hourly,daily hourly,daily hourly,daily hourly,meta
276,223,b,St. John's,Canada,47.567,-52.7,9/3/1989,12/31/2018,daily hourly,daily hourly,daily hourly,daily hourly,meta
277,,a,"Madero, Tampico",Mexico,22.262,-97.795,3/24/2004,11/18/2007,daily hourly,daily hourly,daily hourly,daily hourly,meta
279,,a,"Montauk, NY",United States of America (the),41.048,-71.96,9/8/1947,12/31/2021,daily hourly,daily hourly,daily hourly,daily hourly,meta
280,195,a,"Ilha Fiscal, RJ",Brazil,-22.897,-43.165,2/3/1963,12/31/2013,daily hourly,daily hourly,daily hourly,daily hourly,meta
281,194,a,Cananeia,Brazil,-25.017,-47.925,2/27/1954,12/31/2006,daily hourly,daily hourly,daily hourly,daily hourly,meta
281,194,b,Cananeia,Brazil,-25.017,-47.925,1/30/2014,10/28/2016,daily hourly,daily hourly,daily hourly,daily hourly,meta
282,,a,Ubatuba,Brazil,-23.5,-45.117,6/4/2013,7/10/2017,daily hourly,daily hourly,daily hourly,daily hourly,meta
283,336,a,Fortaleza,Brazil,-3.717,-38.467,1/2/1955,12/31/1968,daily hourly,daily hourly,daily hourly,daily hourly,meta
283,336,b,Fortaleza,Brazil,-3.717,-38.467,11/24/1995,3/28/1998,daily hourly,daily hourly,daily hourly,daily hourly,meta
283,336,c,Fortaleza,Brazil,-3.717,-38.467,4/15/2008,12/31/2018,daily hourly,daily hourly,daily hourly,daily hourly,meta
284,,a,Termisa,Brazil,-4.817,-37.05,7/1/1993,4/30/1995,daily hourly,daily hourly,daily hourly,daily hourly,meta
285,,a,Buenos Aires,Argentina,-34.667,-58.5,1/2/1905,12/31/1961,daily hourly,daily hourly,daily hourly,daily hourly,meta
286,190,a,Puerto Deseado,Argentina,-47.75,-65.917,1/7/1988,12/31/1989,daily hourly,daily hourly,daily hourly,daily hourly,meta
286,190,b,Puerto Deseado,Argentina,-47.75,-65.917,3/18/2010,12/31/2018,daily hourly,daily hourly,daily hourly,daily hourly,meta
287,,a,Puerto Williams,Chile,-54.933,-67.617,1/2/1985,12/31/1998,daily hourly,daily hourly,daily hourly,daily hourly,meta
288,229,a,Reykjavik,Iceland,64.15,-21.933,4/17/1984,12/31/1999,daily hourly,daily hourly,daily hourly,daily hourly,meta
289,248,a,Gibraltar,United Kingdom of Great Britain and Northern Ireland (the),36.133,-5.35,7/1/1961,5/20/2014,daily hourly,daily hourly,daily hourly,daily hourly,meta
289,248,b,Gibraltar,United Kingdom of Great Britain and Northern Ireland (the),36.133,-5.35,3/26/1993,4/29/2000,daily hourly,daily hourly,daily hourly,daily hourly,meta
290,305,a,Port Stanley,United Kingdom of Great Britain and Northern Ireland (the),-52.7,-57.867,11/3/1964,11/29/1974,daily hourly,daily hourly,daily hourly,daily hourly,meta
290,305,b,Port Stanley,United Kingdom of Great Britain and Northern Ireland (the),-52.7,-57.867,10/29/1992,1/31/2014,daily hourly,daily hourly,daily hourly,daily hourly,meta
291,263,a,Ascension,United Kingdom of Great Britain and Northern Ireland (the),-7.917,-14.417,5/24/1993,6/18/2013,daily hourly,daily hourly,daily hourly,daily hourly,meta
292,264,a,St. Helena,"Saint Helena, Ascension and Tristan da Cunha",-15.917,-5.717,6/6/1993,12/13/2006,daily hourly,daily hourly,daily hourly,daily hourly,meta
292,264,b,St. Helena,"Saint Helena, Ascension and Tristan da Cunha",-15.917,-5.717,1/25/2011,2/25/2013,daily hourly,daily hourly,daily hourly,daily hourly,meta
293,236,a,Lerwick,United Kingdom of Great Britain and Northern Ireland (the),60.155,-1.14,1/1/1959,11/26/2016,daily hourly,daily hourly,daily hourly,daily hourly,meta
294,241,a,"Newlyn, Cornwall",United Kingdom of Great Britain and Northern Ireland (the),50.102,-5.542,4/23/1915,12/31/2016,daily hourly,daily hourly,daily hourly,daily hourly,meta
295,238,a,Stornoway,United Kingdom of Great Britain and Northern Ireland (the),58.208,-6.388,1/1/1976,12/31/2016,daily hourly,daily hourly,daily hourly,daily hourly,meta
296,,a,Sisimiut,Denmark,66.933,-53.667,9/11/1991,12/31/1998,daily hourly,daily hourly,daily hourly,daily hourly,meta
297,228,a,Ammassalik,Denmark,65.615,-37.625,11/14/1990,12/31/1998,daily hourly,daily hourly,daily hourly,daily hourly,meta
298,,a,Ilulissat,Denmark,69.217,-51.1,7/2/1992,6/22/1997,daily hourly,daily hourly,daily hourly,daily hourly,meta
299,344,a,Qaqortoq,Denmark,60.717,-46.033,9/5/1991,12/31/1998,daily hourly,daily hourly,daily hourly,daily hourly,meta
300,,a,Naos,Panama,8.917,-79.533,1/2/1961,12/31/1965,daily hourly,daily hourly,daily hourly,daily hourly,meta
300,,b,Naos,Panama,8.917,-79.533,8/31/1991,12/31/1997,daily hourly,daily hourly,daily hourly,daily hourly,meta
301,,a,Puerto Quetza,Guatemala,13.922,-90.785,11/23/1983,12/31/1984,daily hourly,daily hourly,daily hourly,daily hourly,meta
301,,b,Puerto Quetza,Guatemala,13.922,-90.785,8/27/1992,12/31/1995,daily hourly,daily hourly,daily hourly,daily hourly,meta
301,,c,Puerto Quetza,Guatemala,13.922,-90.785,2/22/2001,1/31/2002,daily hourly,daily hourly,daily hourly,daily hourly,meta
302,168,a,Balboa,Panama,8.965,-79.573,6/20/1907,12/31/2018,daily hourly,daily hourly,daily hourly,daily hourly,meta
303,171,a,Tumaco,Colombia,1.817,-78.73,11/2/1951,12/31/2018,daily hourly,daily hourly,daily hourly,daily hourly,meta
304,,a,Puerto Armuelles,Panama,8.273,-82.86,7/13/1955,12/31/1968,daily hourly,daily hourly,daily hourly,daily hourly,meta
304,,b,Puerto Armuelles,Panama,8.273,-82.86,1/2/1983,12/31/2001,daily hourly,daily hourly,daily hourly,daily hourly,meta
305,,a,Cedros Island,Mexico,28.1,-115.183,7/21/1976,12/28/1989,daily hourly,daily hourly,daily hourly,daily hourly,meta
307,,a,San Felipe,Mexico,31.018,-114.818,1/3/1982,10/8/1986,daily hourly,daily hourly,daily hourly,daily hourly,meta
308,,a,San Quintin,Mexico,30.483,-115.983,5/28/1977,12/31/1990,daily hourly,daily hourly,daily hourly,daily hourly,meta
310,,a,Bahia Los Angeles,Mexico,28.958,-113.55,1/3/1973,9/8/1994,daily hourly,daily hourly,daily hourly,daily hourly,meta
313,,a,Catalina,United States of America (the),33.45,-118.483,6/28/1978,10/1/1979,daily hourly,daily hourly,daily hourly,daily hourly,meta
313,,b,Catalina,United States of America (the),33.45,-118.483,3/16/1980,5/31/1988,daily hourly,daily hourly,daily hourly,daily hourly,meta
316,267,a,"Acapulco, Gro.",Mexico,16.84,-99.912,5/2/1952,12/31/1995,daily hourly,daily hourly,daily hourly,daily hourly,meta
316,267,b,"Acapulco, Gro.",Mexico,16.84,-99.912,2/13/1999,12/31/2005,daily hourly,daily hourly,daily hourly,daily hourly,meta
316,267,c,"Acapulco, Gro.",Mexico,16.84,-99.912,5/24/2007,4/24/2011,daily hourly,daily hourly,daily hourly,daily hourly,meta
317,,a,Ensenada,Mexico,31.85,-116.633,5/25/1956,5/1/1991,daily hourly,daily hourly,daily hourly,daily hourly,meta
318,,a,Puerto Madero,Mexico,14.717,-92.433,1/2/1986,4/30/1988,daily hourly,daily hourly,daily hourly,daily hourly,meta
319,,a,Loreto,Mexico,26.017,-111.367,5/2/1975,7/30/1988,daily hourly,daily hourly,daily hourly,daily hourly,meta
320,293,a,Cendering,Malaysia,5.265,103.187,11/1/1984,11/30/2015,daily hourly,daily hourly,daily hourly,daily hourly,meta
321,,a,Johor Baharu,Malaysia,1.462,103.792,12/19/1983,12/31/2013,daily hourly,daily hourly,daily hourly,daily hourly,meta
322,,a,Kuantan,Malaysia,3.975,103.43,12/22/1983,12/31/2015,daily hourly,daily hourly,daily hourly,daily hourly,meta
323,,a,Tioman,Malaysia,2.807,104.14,11/13/1985,12/31/2015,daily hourly,daily hourly,daily hourly,daily hourly,meta
324,,a,Sedili,Malaysia,1.932,104.115,12/23/1986,12/9/2015,daily hourly,daily hourly,daily hourly,daily hourly,meta
325,,a,Kukup,Malaysia,1.325,103.443,11/18/1985,12/7/2015,daily hourly,daily hourly,daily hourly,daily hourly,meta
326,,a,Geting,Malaysia,6.227,102.107,12/17/1986,12/31/2015,daily hourly,daily hourly,daily hourly,daily hourly,meta
327,44,a,Keppel Harbour,Singapore,1.263,103.822,8/14/1981,1/30/1990,daily hourly,daily hourly,daily hourly,daily hourly,meta
328,39,a,Ko Lak,Thailand,11.795,99.817,1/1/1985,12/30/2019,daily hourly,daily hourly,daily hourly,daily hourly,meta
329,77,a,Hong Kong,Hong Kong,22.3,114.2,1/1/1962,12/30/1985,daily hourly,daily hourly,daily hourly,daily hourly,meta
329,77,b,Hong Kong,Hong Kong,22.3,114.2,1/1/1986,12/30/2018,daily hourly,daily hourly,daily hourly,daily hourly,meta
330,,a,Rosslyn Bay,Australia,-23.162,150.79,3/18/1993,12/31/2021,daily hourly,daily hourly,daily hourly,daily hourly,meta
331,58,a,Brisbane,Australia,-27.367,153.167,1/1/1984,12/31/2021,daily hourly,daily hourly,daily hourly,daily hourly,meta
332,59,a,Bundaberg,Australia,-24.767,152.38,1/1/1984,12/31/2021,daily hourly,daily hourly,daily hourly,daily hourly,meta
333,57,a,Fort Denison,Australia,-33.85,151.233,1/1/1965,12/31/2021,daily hourly,daily hourly,daily hourly,daily hourly,meta
334,60,a,Townsville,Australia,-19.25,146.833,1/1/1984,12/31/2021,daily hourly,daily hourly,daily hourly,daily hourly,meta
335,56,a,Spring Bay,Australia,-42.55,147.933,4/13/1985,12/31/2021,daily hourly,daily hourly,daily hourly,daily hourly,meta
336,61,a,Booby Island,Australia,-10.6,141.917,1/1/1988,12/31/2021,daily hourly,daily hourly,daily hourly,daily hourly,meta
337,44,a,Victoria Dock,Singapore,1.263,103.822,1/1/1972,12/30/1981,daily hourly,daily hourly,daily hourly,daily hourly,meta
338,,a,Macau,Portugal,22.167,113.55,1/1/1978,5/30/1985,daily hourly,daily hourly,daily hourly,daily hourly,meta
339,,a,Hobart,Australia,-42.887,147.33,3/30/1985,12/31/2021,daily hourly,daily hourly,daily hourly,daily hourly,meta
340,,a,Kaohsiung,Taiwan (Province of China),22.615,120.288,1/2/1980,12/30/2016,daily hourly,daily hourly,daily hourly,daily hourly,meta
341,,a,Keelung,Taiwan (Province of China),25.157,121.745,1/1/1980,12/30/2016,daily hourly,daily hourly,daily hourly,daily hourly,meta
342,,a,Port Kembla,Australia,-34.473,150.912,7/6/1991,12/31/2021,daily hourly,daily hourly,daily hourly,daily hourly,meta
343,60,a,Cape Ferguson,Australia,-19.277,147.058,9/13/1991,12/31/2021,daily hourly,daily hourly,daily hourly,daily hourly,meta
344,,a,Burnie,Australia,-41.05,145.915,9/4/1992,12/31/2021,daily hourly,daily hourly,daily hourly,daily hourly,meta
345,,a,Nakano Shima,Japan,29.842,129.842,1/30/1984,12/30/2018,daily hourly,daily hourly,daily hourly,daily hourly,meta
347,327,a,Abashiri,Japan,44.017,144.283,12/7/1955,12/31/2023,daily hourly,daily hourly,daily hourly,daily hourly,meta
348,326,a,Hamada,Japan,34.9,132.067,4/1/1984,12/31/2023,daily hourly,daily hourly,daily hourly,daily hourly,meta
349,325,a,Toyama,Japan,36.767,137.217,5/1/1967,12/31/2023,daily hourly,daily hourly,daily hourly,daily hourly,meta
350,89,a,Kushiro,Japan,42.967,144.383,11/10/1946,12/31/2023,daily hourly,daily hourly,daily hourly,daily hourly,meta
351,87,a,Ofunato,Japan,39.017,141.75,8/1/1963,12/31/2023,daily hourly,daily hourly,daily hourly,daily hourly,meta
352,86,a,Mera,Japan,34.917,139.833,2/14/1930,12/31/2023,daily hourly,daily hourly,daily hourly,daily hourly,meta
353,85,a,Kushimoto,Japan,33.467,135.783,12/16/1924,12/31/2023,daily hourly,daily hourly,daily hourly,daily hourly,meta
354,82,a,Aburatsu,Japan,31.567,131.417,2/14/1930,12/31/2023,daily hourly,daily hourly,daily hourly,daily hourly,meta
355,81,a,Naha,Japan,26.217,127.667,1/1/1967,12/31/2023,daily hourly,daily hourly,daily hourly,daily hourly,meta
356,,a,Maisaka,Japan,34.683,137.617,1/27/1958,12/31/2023,daily hourly,daily hourly,daily hourly,daily hourly,meta
357,,a,Miyakejima,Japan,34.067,139.482,2/1/1964,12/30/2018,daily hourly,daily hourly,daily hourly,daily hourly,meta
358,,a,Hosojima,Japan,32.417,131.683,1/1/1933,12/30/1975,daily hourly,daily hourly,daily hourly,daily hourly,meta
359,,a,Naze,Japan,28.382,129.495,4/9/1957,12/30/2018,daily hourly,daily hourly,daily hourly,daily hourly,meta
360,324,a,Wakkanai,Japan,45.417,141.683,1/1/1955,12/31/2023,daily hourly,daily hourly,daily hourly,daily hourly,meta
362,83,a,Nagasaki,Japan,32.733,129.867,1/1/1961,12/31/2023,daily hourly,daily hourly,daily hourly,daily hourly,meta
363,,a,Nishinoomote,Japan,30.735,130.992,4/22/1965,12/30/2018,daily hourly,daily hourly,daily hourly,daily hourly,meta
364,88,a,Hakodate,Japan,41.783,140.733,4/11/1955,12/31/2023,daily hourly,daily hourly,daily hourly,daily hourly,meta
365,,a,Ishigaki,Japan,24.333,124.15,1/1/1969,12/31/2023,daily hourly,daily hourly,daily hourly,daily hourly,meta
370,73,a,Manila,Philippines (the),14.585,120.968,1/1/1984,12/31/2014,daily hourly,daily hourly,daily hourly,daily hourly,meta
371,72,a,Legaspi,Philippines (the),13.15,123.75,1/1/1984,9/4/2017,daily hourly,daily hourly,daily hourly,daily hourly,meta
372,71,a,Davao,Philippines (the),7.122,125.663,1/1/1984,7/30/1997,daily hourly,daily hourly,daily hourly,daily hourly,meta
372,71,b,Davao,Philippines (the),7.122,125.663,1/1/1998,12/31/2018,daily hourly,daily hourly,daily hourly,daily hourly,meta
373,70,a,Jolo,Philippines (the),6.067,121,1/1/1984,12/30/1995,daily hourly,daily hourly,daily hourly,daily hourly,meta
375,,a,Hachinohe,Japan,40.533,141.533,1/1/1980,3/10/2011,daily hourly,daily hourly,daily hourly,daily hourly,meta
376,247,a,Xiamen,China,24.45,118.067,1/1/1954,12/30/1997,daily hourly,daily hourly,daily hourly,daily hourly,meta
379,,a,Cebu,Philippines (the),10.3,123.917,1/1/1998,5/26/2014,daily hourly,daily hourly,daily hourly,daily hourly,meta
380,,a,Puerto Princesa,Philippines (the),9.75,118.733,1/1/1998,5/12/2014,daily hourly,daily hourly,daily hourly,daily hourly,meta
381,75,a,Qui Nhon,Viet Nam,13.775,109.255,1/1/1994,12/30/2005,daily hourly,daily hourly,daily hourly,daily hourly,meta
381,75,b,Qui Nhon,Viet Nam,13.775,109.255,10/20/2007,12/30/2018,daily hourly,daily hourly,daily hourly,daily hourly,meta
382,,a,Subic Bay,Philippines (the),14.765,120.252,2/28/2007,12/31/2018,daily hourly,daily hourly,daily hourly,daily hourly,meta
383,,a,Vung Tau,Viet Nam,10.34,107.072,1/1/1986,12/30/2002,daily hourly,daily hourly,daily hourly,daily hourly,meta
383,,b,Vung Tau,Viet Nam,10.34,107.072,10/16/2007,12/31/2018,daily hourly,daily hourly,daily hourly,daily hourly,meta
385,,a,Tawau,Malaysia,4.233,117.883,6/27/1987,2/23/2015,daily hourly,daily hourly,daily hourly,daily hourly,meta
386,,a,Kota Kinabalu,Malaysia,5.983,116.067,6/24/1987,12/31/2015,daily hourly,daily hourly,daily hourly,daily hourly,meta
387,,a,Bintulu,Malaysia,3.217,113.067,5/1/1992,12/7/2015,daily hourly,daily hourly,daily hourly,daily hourly,meta
388,,a,Miri,Malaysia,4.392,113.972,12/22/1992,12/31/2014,daily hourly,daily hourly,daily hourly,daily hourly,meta
389,,a,Sandakan,Malaysia,5.81,118.067,12/25/1993,12/31/2015,daily hourly,daily hourly,daily hourly,daily hourly,meta
391,165,a,Clipperton,France,10.28,-109.222,6/1/1985,11/17/1985,daily hourly,daily hourly,daily hourly,daily hourly,meta
391,165,b,Clipperton,France,10.28,-109.222,4/21/1986,10/21/1988,daily hourly,daily hourly,daily hourly,daily hourly,meta
391,165,c,Clipperton,France,10.28,-109.222,4/10/2007,5/27/2008,daily hourly,daily hourly,daily hourly,daily hourly,meta
391,165,d,Clipperton,France,10.28,-109.222,8/17/2011,10/15/2012,daily hourly,daily hourly,daily hourly,daily hourly,meta
393,,a,Vallarta,Mexico,20.615,-105.245,8/20/1973,2/28/1991,daily hourly,daily hourly,daily hourly,daily hourly,meta
394,,a,Salina Cruz,Mexico,16.16,-95.203,4/2/1952,2/28/1991,daily hourly,daily hourly,daily hourly,daily hourly,meta
395,163,a,Manzanillo,Mexico,19.05,-104.333,5/2/1953,12/31/1982,daily hourly,daily hourly,daily hourly,daily hourly,meta
395,163,b,Manzanillo,Mexico,19.05,-104.333,12/1/1992,8/28/2013,daily hourly,daily hourly,daily hourly,daily hourly,meta
396,,a,Puntarenas,Costa Rica,9.967,-84.833,1/3/1970,12/31/1980,daily hourly,daily hourly,daily hourly,daily hourly,meta
397,,a,Guaymas,Mexico,27.933,-110.9,1/1/1953,12/30/1986,daily hourly,daily hourly,daily hourly,daily hourly,meta
398,,a,Marsden Point,New Zealand,-35.833,174.5,10/20/1975,12/30/2019,daily hourly,daily hourly,daily hourly,daily hourly,meta
399,148,a,Lord Howe,Australia,-31.517,159.067,7/5/1958,10/8/1967,daily hourly,daily hourly,daily hourly,daily hourly,meta
399,148,b,Lord Howe,Australia,-31.517,159.067,4/24/1991,12/31/2021,daily hourly,daily hourly,daily hourly,daily hourly,meta
400,331,a,Lombrum,Papua New Guinea,-2.033,147.367,9/29/1994,12/31/2021,daily hourly,daily hourly,daily hourly,daily hourly,meta
401,,a,Apia,Samoa,-13.817,-171.75,1/2/1954,12/31/1971,daily hourly,daily hourly,daily hourly,daily hourly,meta
401,,b,Apia,Samoa,-13.817,-171.75,2/27/1993,12/31/2021,daily hourly,daily hourly,daily hourly,daily hourly,meta
402,,a,Lautoka,Fiji,-17.6,177.433,10/24/1992,12/21/2021,daily hourly,daily hourly,daily hourly,daily hourly,meta
403,,a,Jackson,New Zealand,-43.983,168.617,1/1/1999,12/31/2011,daily hourly,daily hourly,daily hourly,daily hourly,meta
403,,b,Jackson,New Zealand,-43.983,168.617,12/12/2013,12/31/2021,daily hourly,daily hourly,daily hourly,daily hourly,meta
410,,a,Lungsurannaga,Indonesia,2.1,117.75,1/1/1943,11/29/1944,daily hourly,daily hourly,daily hourly,daily hourly,meta
411,,a,Balikpapan,Indonesia,-1.267,116.8,12/1/1942,11/29/1943,daily hourly,daily hourly,daily hourly,daily hourly,meta
414,,a,Bajor,Indonesia,-0.683,117.417,1/6/1943,11/29/1944,daily hourly,daily hourly,daily hourly,daily hourly,meta
419,,a,Lembar,Indonesia,-8.732,116.072,9/23/2008,12/21/2018,daily hourly,daily hourly,daily hourly,daily hourly,meta
420,,a,Saumlaki,Indonesia,-7.982,131.29,10/2/2008,12/31/2018,daily hourly,daily hourly,daily hourly,daily hourly,meta
540,155,a,Prince Rupert,Canada,54.317,-130.323,1/2/1909,12/31/2018,daily hourly,daily hourly,daily hourly,daily hourly,meta
542,156,a,Tofino,Canada,49.153,-125.913,10/2/1909,12/31/2018,daily hourly,daily hourly,daily hourly,daily hourly,meta
543,,a,"Victoria, BC",Canada,48.422,-123.37,2/19/1909,12/31/2018,daily hourly,daily hourly,daily hourly,daily hourly,meta
547,,a,"Barbers Point, HI",United States of America (the),21.32,-158.12,6/6/2009,12/30/2018,daily hourly,daily hourly,daily hourly,daily hourly,meta
548,,a,"Kaumalapau, HI",United States of America (the),20.78,-156.9,7/15/2007,3/22/2015,daily hourly,daily hourly,daily hourly,daily hourly,meta
550,303,a,"Massacre Bay, AK",United States of America (the),52.833,173.2,1/2/1943,12/31/1966,daily hourly,daily hourly,daily hourly,daily hourly,meta
551,158,a,"San Francisco, CA",United States of America (the),37.807,-122.465,1897-08-02,12/31/2021,daily hourly,daily hourly,daily hourly,daily hourly,meta
552,,a,Kawaihae,United States of America (the),20.033,-155.833,3/1/1989,12/31/2022,daily hourly,daily hourly,daily hourly,daily hourly,meta
553,,a,Port Allen,United States of America (the),21.9,-159.6,3/1/1989,1/28/1997,daily hourly,daily hourly,daily hourly,daily hourly,meta
554,159,a,"La Jolla, CA",United States of America (the),32.867,-117.257,10/3/1924,12/31/2021,daily hourly,daily hourly,daily hourly,daily hourly,meta
555,,a,"Monterey, CA",United States of America (the),36.605,-121.888,11/9/1973,12/31/2021,daily hourly,daily hourly,daily hourly,daily hourly,meta
556,,a,"Crescent City, CA",United States of America (the),41.745,-124.183,4/12/1933,12/31/2021,daily hourly,daily hourly,daily hourly,daily hourly,meta
557,,a,"Port Orford, OR",United States of America (the),42.74,-124.497,8/2/1978,12/31/2022,daily hourly,daily hourly,daily hourly,daily hourly,meta
558,,a,"Neah Bay, WA",United States of America (the),48.368,-124.617,8/2/1934,12/31/2021,daily hourly,daily hourly,daily hourly,daily hourly,meta
559,154,a,"Sitka, AK",United States of America (the),57.052,-135.342,5/20/1938,12/31/2021,daily hourly,daily hourly,daily hourly,daily hourly,meta
560,150,a,"Seward, AK",United States of America (the),60.12,-149.427,5/21/1925,12/31/1932,daily hourly,daily hourly,daily hourly,daily hourly,meta
560,150,b,"Seward, AK",United States of America (the),60.12,-149.427,9/19/1944,12/31/1949,daily hourly,daily hourly,daily hourly,daily hourly,meta
560,150,c,"Seward, AK",United States of America (the),60.12,-149.427,1/2/1967,12/31/2021,daily hourly,daily hourly,daily hourly,daily hourly,meta
561,,a,"Seldovia, AK",United States of America (the),59.44,-151.72,7/13/1975,12/31/2021,daily hourly,daily hourly,daily hourly,daily hourly,meta
562,,a,"Valdez, AK",United States of America (the),61.125,-146.362,4/17/1973,12/31/2021,daily hourly,daily hourly,daily hourly,daily hourly,meta
564,,a,"Willapa Bay, WA",United States of America (the),46.708,-123.965,11/7/1972,12/31/2021,daily hourly,daily hourly,daily hourly,daily hourly,meta
565,,a,"Port San Luis, CA",United States of America (the),35.177,-120.76,1/2/1948,12/31/2021,daily hourly,daily hourly,daily hourly,daily hourly,meta
567,,a,"Los Angeles, CA",United States of America (the),33.72,-118.272,11/29/1923,12/31/2021,daily hourly,daily hourly,daily hourly,daily hourly,meta
569,,a,San Diego,United States of America (the),32.713,-117.173,1/22/1906,12/31/2021,daily hourly,daily hourly,daily hourly,daily hourly,meta
570,,a,"Yakutat, AK",United States of America (the),59.548,-139.735,1/2/1961,12/31/2021,daily hourly,daily hourly,daily hourly,daily hourly,meta
571,,a,"Ketchikan, AK",United States of America (the),55.333,-131.625,10/12/1918,12/31/2021,daily hourly,daily hourly,daily hourly,daily hourly,meta
572,,a,"Astoria, OR",United States of America (the),46.208,-123.767,1/26/1925,12/31/2021,daily hourly,daily hourly,daily hourly,daily hourly,meta
573,,a,"Arena Cove, CA",United States of America (the),38.913,-123.708,8/2/1979,12/31/2022,daily hourly,daily hourly,daily hourly,daily hourly,meta
574,100,a,"Sand Point, AK",United States of America (the),55.337,-160.502,9/11/1972,12/31/2022,daily hourly,daily hourly,daily hourly,daily hourly,meta
575,,a,"Charleston, OR",United States of America (the),43.345,-124.322,3/7/1970,12/31/2021,daily hourly,daily hourly,daily hourly,daily hourly,meta
576,,a,"Humboldt Bay, CA",United States of America (the),40.767,-124.217,8/17/1977,12/31/2021,daily hourly,daily hourly,daily hourly,daily hourly,meta
577,,a,"Santa Barbara, CA",United States of America (the),34.408,-119.685,8/2/1979,12/31/2021,daily hourly,daily hourly,daily hourly,daily hourly,meta
578,,a,"Santa Monica, CA",United States of America (the),34.008,-118.5,11/23/1973,12/31/2021,daily hourly,daily hourly,daily hourly,daily hourly,meta
579,151,a,"Prudhoe Bay, AK",United States of America (the),70.4,-148.527,5/1/1989,12/31/2022,daily hourly,daily hourly,daily hourly,daily hourly,meta
583,,a,"Cordova, Alaska",United States of America (the),60.558,-145.753,5/15/1949,2/28/1953,daily hourly,daily hourly,daily hourly,daily hourly,meta
583,,b,"Cordova, Alaska",United States of America (the),60.558,-145.753,5/2/1964,12/31/2022,daily hourly,daily hourly,daily hourly,daily hourly,meta
584,,a,"Port Angeles, WA",United States of America (the),48.125,-123.44,9/6/1975,12/31/2022,daily hourly,daily hourly,daily hourly,daily hourly,meta
590,140,a,Matavai,France,-17.517,-149.517,1/1/1958,11/26/1967,daily hourly,daily hourly,daily hourly,daily hourly,meta
592,157,a,"South Beach, OR",United States of America (the),44.625,-124.043,2/2/1967,12/31/2021,daily hourly,daily hourly,daily hourly,daily hourly,meta
594,,a,"Harvest Oil P., CA",United States of America (the),34.468,-120.673,5/15/1992,11/30/2020,daily hourly,daily hourly,daily hourly,daily hourly,meta
595,74,a,"Nome, AK",United States of America (the),64.5,-165.43,10/1/1992,12/31/2021,daily hourly,daily hourly,daily hourly,daily hourly,meta
598,,a,Alofi,Niue,-19.05,-169.917,8/6/2015,1/17/2020,daily hourly,daily hourly,daily hourly,daily hourly,meta
599,180,a,Diego Ramirez,Chile,-56.508,-68.715,2/26/1991,9/29/1997,daily hourly,daily hourly,daily hourly,daily hourly,meta
600,181,a,Ushuaia,Argentina,-54.805,-68.295,1/1/1996,12/31/2018,daily hourly,daily hourly,daily hourly,daily hourly,meta
601,185,a,Esperanza,Argentina,-63.395,-56.995,1/18/1996,8/30/1998,daily hourly,daily hourly,daily hourly,daily hourly,meta
626,309,a,Providenya,Russian Federation (the),64.4,-173.2,1/1/1977,12/30/1985,daily hourly,daily hourly,daily hourly,daily hourly,meta
626,309,b,Providenya,Russian Federation (the),64.4,-173.2,1/1/1986,12/30/1989,daily hourly,daily hourly,daily hourly,daily hourly,meta
630,79,a,Dalian,China,38.925,121.658,1/2/1975,12/30/1990,daily hourly,daily hourly,daily hourly,daily hourly,meta
631,79,a,Laohutan,China,38.867,121.683,1/1/1991,12/30/1997,daily hourly,daily hourly,daily hourly,daily hourly,meta
632,94,a,Kanmen,China,28.088,121.282,1/1/1975,12/30/1997,daily hourly,daily hourly,daily hourly,daily hourly,meta
633,283,a,Lusi,China,32.133,121.617,1/1/1975,10/30/1996,daily hourly,daily hourly,daily hourly,daily hourly,meta
635,78,a,Zhapo,China,21.583,111.833,1/1/1975,12/30/1997,daily hourly,daily hourly,daily hourly,daily hourly,meta
636,,a,Beihai,China,21.483,109.083,1/1/1975,12/30/1997,daily hourly,daily hourly,daily hourly,daily hourly,meta
637,,a,Dongfang,China,19.1,108.617,1/1/1975,12/30/1997,daily hourly,daily hourly,daily hourly,daily hourly,meta
638,,a,Haikou,China,20.017,110.283,1/1/1976,12/30/1997,daily hourly,daily hourly,daily hourly,daily hourly,meta
639,,a,Lianyungang,China,34.75,119.417,1/1/1975,12/30/1997,daily hourly,daily hourly,daily hourly,daily hourly,meta
641,,a,Shanwei,China,22.75,115.35,1/1/1975,12/31/1997,daily hourly,daily hourly,daily hourly,daily hourly,meta
642,,a,Shijiusuo,China,35.383,119.55,1/1/1975,12/30/1997,daily hourly,daily hourly,daily hourly,daily hourly,meta
650,,a,Hon Dau,Viet Nam,20.667,106.817,1/1/1960,12/31/1960,daily hourly,daily hourly,daily hourly,daily hourly,meta
650,,b,Hon Dau,Viet Nam,20.667,106.817,2/1/1995,12/31/1995,daily hourly,daily hourly,daily hourly,daily hourly,meta
651,,a,Vung Ang,Viet Nam,18.083,106.283,9/3/1996,8/31/1997,daily hourly,daily hourly,daily hourly,daily hourly,meta
654,,a,Currimao,Philippines (the),17.988,120.488,10/10/2009,12/31/2018,daily hourly,daily hourly,daily hourly,daily hourly,meta
655,,a,Lubang,Philippines (the),13.82,120.21,6/12/2010,12/31/2018,daily hourly,daily hourly,daily hourly,daily hourly,meta
663,134,a,Scott Base,New Zealand,-77.85,166.75,1/16/2001,6/12/2017,daily hourly,daily hourly,daily hourly,daily hourly,meta
665,,a,Timaru,New Zealand,-44.383,171.25,3/2/1987,12/30/2019,daily hourly,daily hourly,daily hourly,daily hourly,meta
667,,a,Lyttelton,New Zealand,-43.6,172.717,1/1/1995,12/30/2019,daily hourly,daily hourly,daily hourly,daily hourly,meta
668,,a,Napier,New Zealand,-39.483,176.917,1/1/1989,12/30/2019,daily hourly,daily hourly,daily hourly,daily hourly,meta
669,,a,Port Chalmers,New Zealand,-45.817,170.65,6/12/1985,12/29/2019,daily hourly,daily hourly,daily hourly,daily hourly,meta
670,,a,Champerico,Guatemala,14.3,-91.917,1/1/1974,6/13/1975,daily hourly,daily hourly,daily hourly,daily hourly,meta
671,,a,La Paz,Mexico,24.162,-110.345,1/3/1952,11/30/1983,daily hourly,daily hourly,daily hourly,daily hourly,meta
672,164,a,Puerto Angel,Mexico,15.657,-96.493,1/3/1962,11/1/1984,daily hourly,daily hourly,daily hourly,daily hourly,meta
673,,a,Mazatlan,Mexico,23.198,-106.422,1/3/1953,6/27/1975,daily hourly,daily hourly,daily hourly,daily hourly,meta
674,,a,San Carlos,Mexico,24.79,-112.12,10/2/1968,4/30/1983,daily hourly,daily hourly,daily hourly,daily hourly,meta
675,,a,San Jose,Guatemala,13.917,-90.833,1/2/1955,9/24/1975,daily hourly,daily hourly,daily hourly,daily hourly,meta
676,,a,Topolobampo,Mexico,25.6,-109.048,2/25/1956,12/31/1974,daily hourly,daily hourly,daily hourly,daily hourly,meta
677,,a,Yavaros,Mexico,26.703,-109.513,1/2/1970,12/30/1973,daily hourly,daily hourly,daily hourly,daily hourly,meta
678,,a,Paita,Peru,-5.083,-81.167,1/2/1981,8/6/1984,daily hourly,daily hourly,daily hourly,daily hourly,meta
678,,b,Paita,Peru,-5.083,-81.167,1/2/1988,12/31/2016,daily hourly,daily hourly,daily hourly,daily hourly,meta
679,,a,Corinto,Nicaragua,12.478,-87.168,1/2/1967,12/31/1967,daily hourly,daily hourly,daily hourly,daily hourly,meta
679,,b,Corinto,Nicaragua,12.478,-87.168,4/1/2001,9/30/2001,daily hourly,daily hourly,daily hourly,daily hourly,meta
680,130,a,Macquarie Is.,Australia,-54.483,158.967,8/1/1912,6/6/1913,daily hourly,daily hourly,daily hourly,daily hourly,meta
680,130,b,Macquarie Is.,Australia,-54.483,158.967,1/1/1968,1/27/1972,daily hourly,daily hourly,daily hourly,daily hourly,meta
680,130,c,Macquarie Is.,Australia,-54.483,158.967,12/29/1993,1/30/2007,daily hourly,daily hourly,daily hourly,daily hourly,meta
681,,a,San Martin,Argentina,-68.133,-67.1,1/22/1995,2/17/1995,daily hourly,daily hourly,daily hourly,daily hourly,meta
681,,b,San Martin,Argentina,-68.133,-67.1,1/23/1998,2/8/1998,daily hourly,daily hourly,daily hourly,daily hourly,meta
681,,c,San Martin,Argentina,-68.133,-67.1,2/10/1998,2/9/1999,daily hourly,daily hourly,daily hourly,daily hourly,meta
682,,a,Dallmann,Argentina,-62.233,-58.683,1/30/1996,1/22/1997,daily hourly,daily hourly,daily hourly,daily hourly,meta
682,,b,Dallmann,Argentina,-62.233,-58.683,3/7/1997,12/16/1997,daily hourly,daily hourly,daily hourly,daily hourly,meta
682,,c,Dallmann,Argentina,-62.233,-58.683,1/25/1998,4/15/1999,daily hourly,daily hourly,daily hourly,daily hourly,meta
683,,a,Pisco,Peru,-13.417,-76.133,1/16/1985,3/31/1990,daily hourly,daily hourly,daily hourly,daily hourly,meta
683,,b,Pisco,Peru,-13.417,-76.133,1/6/1991,12/31/2014,daily hourly,daily hourly,daily hourly,daily hourly,meta
684,178,a,Puerto Montt,Chile,-41.483,-72.967,4/3/1980,12/31/2018,daily hourly,daily hourly,daily hourly,daily hourly,meta
687,,a,"Zihuatenajo, Gro.",Mexico,17.637,-101.558,3/4/2011,7/9/2013,daily hourly,daily hourly,daily hourly,daily hourly,meta
698,,a,Tinian,Northern Mariana Islands (the),14.96,145.618,1/1/1991,7/31/1997,daily hourly,daily hourly,daily hourly,daily hourly,meta
699,44,a,Tanjong Pagar,Singapore,1.262,103.853,1/1/1988,12/30/2018,daily hourly,daily hourly,daily hourly,daily hourly,meta
700,188,a,Faraday,Antarctica,-65.25,-64.267,10/15/1959,12/31/2018,daily hourly,daily hourly,daily hourly,daily hourly,meta
705,153,a,L. Cornwallis I.,Canada,75.383,-96.95,11/7/1986,9/27/1994,daily hourly,daily hourly,daily hourly,daily hourly,meta
707,,a,"Canavieiras, USCGS",Brazil,-15.667,-38.967,2/2/1956,12/31/1961,daily hourly,daily hourly,daily hourly,daily hourly,meta
708,334,a,"Salvador, USCGS",Brazil,-12.967,-38.517,1/2/1955,12/31/1964,daily hourly,daily hourly,daily hourly,daily hourly,meta
708,334,b,"Salvador, USCGS",Brazil,-12.967,-38.517,10/3/2004,12/31/2018,daily hourly,daily hourly,daily hourly,daily hourly,meta
709,195,a,"Rio de Janeiro, CG",Brazil,-22.933,-43.133,1/2/1955,12/30/1968,daily hourly,daily hourly,daily hourly,daily hourly,meta
710,,a,Suape,Brazil,-8.35,-34.95,1/2/1982,1/31/1984,daily hourly,daily hourly,daily hourly,daily hourly,meta
711,,a,Luis Correia,Brazil,-2.867,-41.672,2/4/1984,2/14/1985,daily hourly,daily hourly,daily hourly,daily hourly,meta
712,,a,"Recife, USCGS",Brazil,-8.05,-34.867,1/1/1955,4/29/1968,daily hourly,daily hourly,daily hourly,daily hourly,meta
714,193,a,Rio Grande,Brazil,-32.138,-52.103,6/28/1981,12/31/2003,daily hourly,daily hourly,daily hourly,daily hourly,meta
715,200,a,Madeira,Brazil,-2.565,-44.378,1/2/1988,12/31/2003,daily hourly,daily hourly,daily hourly,daily hourly,meta
716,201,a,Santana,Brazil,-0.057,-51.18,5/6/1970,6/30/1972,daily hourly,daily hourly,daily hourly,daily hourly,meta
716,201,b,Santana,Brazil,-0.057,-51.18,1/2/1975,12/31/1976,daily hourly,daily hourly,daily hourly,daily hourly,meta
716,201,c,Santana,Brazil,-0.057,-51.18,1/2/1984,6/30/1985,daily hourly,daily hourly,daily hourly,daily hourly,meta
716,201,d,Santana,Brazil,-0.057,-51.18,2/15/1996,2/6/1997,daily hourly,daily hourly,daily hourly,daily hourly,meta
716,201,e,Santana,Brazil,-0.057,-51.18,1/2/2006,12/31/2007,daily hourly,daily hourly,daily hourly,daily hourly,meta
717,201,a,Santana SSN,Brazil,-0.062,-51.16,5/25/1994,2/28/1995,daily hourly,daily hourly,daily hourly,daily hourly,meta
717,201,b,Santana SSN,Brazil,-0.062,-51.16,1/2/1999,1/31/2000,daily hourly,daily hourly,daily hourly,daily hourly,meta
718,351,a,Imbituba,Brazil,-28.133,-48.4,8/23/2001,12/31/2010,daily hourly,daily hourly,daily hourly,daily hourly,meta
719,352,a,Macae,Brazil,-22.385,-41.77,7/14/2001,12/31/2008,daily hourly,daily hourly,daily hourly,daily hourly,meta
720,296,a,South Caicos,United Kingdom of Great Britain and Northern Ireland (the),21.483,-71.533,1/1/1992,12/7/1992,daily hourly,daily hourly,daily hourly,daily hourly,meta
721,213,a,"Progreso, Yuc.",Mexico,21.283,-89.667,1/2/1980,12/31/1984,daily hourly,daily hourly,daily hourly,daily hourly,meta
721,213,b,"Progreso, Yuc.",Mexico,21.283,-89.667,6/3/1999,12/18/2004,daily hourly,daily hourly,daily hourly,daily hourly,meta
721,213,c,"Progreso, Yuc.",Mexico,21.283,-89.667,5/17/2012,6/4/2013,daily hourly,daily hourly,daily hourly,daily hourly,meta
722,266,a,Tristan da Cunha,United Kingdom of Great Britain and Northern Ireland (the),-37.05,-12.3,2/2/2011,6/18/2013,daily hourly,daily hourly,daily hourly,daily hourly,meta
723,,a,"Lagos, Algarve",Portugal,37.098,-8.668,1/1/1986,4/3/2000,daily hourly,daily hourly,daily hourly,daily hourly,meta
724,,a,Puerto Cabezas,Nicaragua,14.042,-83.382,11/1/2001,1/31/2002,daily hourly,daily hourly,daily hourly,daily hourly,meta
727,,a,Nassau,Bahamas (the),25.083,-77.35,7/2/1904,6/29/1905,daily hourly,daily hourly,daily hourly,daily hourly,meta
728,,a,Point Fortin,Trinidad and Tobago,10.1,-61.417,1/2/1987,12/31/1996,daily hourly,daily hourly,daily hourly,daily hourly,meta
729,192,a,Mar del Plata,Argentina,-38.05,-57.55,11/15/2004,1/29/2009,daily hourly,daily hourly,daily hourly,daily hourly,meta
729,192,b,Mar del Plata,Argentina,-38.05,-57.55,3/24/2010,12/31/2018,daily hourly,daily hourly,daily hourly,daily hourly,meta
730,189,a,Base Prat,Chile,-62.483,-59.633,3/8/1984,12/31/2002,daily hourly,daily hourly,daily hourly,daily hourly,meta
730,189,b,Base Prat,Chile,-62.483,-59.633,3/10/2010,12/31/2018,daily hourly,daily hourly,daily hourly,daily hourly,meta
731,191,a,Puerto Madryn,Argentina,-42.763,-65.032,3/15/2010,12/31/2018,daily hourly,daily hourly,daily hourly,daily hourly,meta
732,,a,"Isabel Segunda, PR",Puerto Rico,18.152,-65.443,3/7/2009,10/19/2017,daily hourly,daily hourly,daily hourly,daily hourly,meta
733,,a,"Esperanza, PR",Puerto Rico,18.093,-65.47,8/16/2005,12/31/2022,daily hourly,daily hourly,daily hourly,daily hourly,meta
734,,a,"Yabucoa Harbor, PR",United States of America (the),18.055,-65.832,8/29/2008,12/31/2017,daily hourly,daily hourly,daily hourly,daily hourly,meta
735,,a,"Arecibo, PR",Puerto Rico,18.48,-66.702,8/29/2008,12/31/2017,daily hourly,daily hourly,daily hourly,daily hourly,meta
736,,a,"Mayaguez, PR",Puerto Rico,18.22,-67.16,3/12/2008,12/31/2021,daily hourly,daily hourly,daily hourly,daily hourly,meta
737,,a,San Andres,Colombia,12.583,-81.7,1/2/1997,12/31/2018,daily hourly,daily hourly,daily hourly,daily hourly,meta
738,,a,Santa Marta,Colombia,11.235,-74.222,10/1/2012,12/31/2018,daily hourly,daily hourly,daily hourly,daily hourly,meta
739,,a,El Porvenir,Panama,9.558,-78.948,8/23/2012,12/31/2018,daily hourly,daily hourly,daily hourly,daily hourly,meta
740,,a,"Eastport, ME",United States of America (the),44.903,-66.985,9/13/1929,12/31/2021,daily hourly,daily hourly,daily hourly,daily hourly,meta
741,,a,"Boston, MA",United States of America (the),42.355,-71.052,5/4/1921,12/31/2021,daily hourly,daily hourly,daily hourly,daily hourly,meta
742,,a,"Woods Hole, MA",United States of America (the),41.523,-70.672,1/2/1957,12/31/2021,daily hourly,daily hourly,daily hourly,daily hourly,meta
743,,a,"Nantucket, MA",United States of America (the),41.285,-70.097,2/2/1965,12/31/2021,daily hourly,daily hourly,daily hourly,daily hourly,meta
744,,a,"New London, CT",United States of America (the),41.355,-72.087,6/13/1938,12/31/2021,daily hourly,daily hourly,daily hourly,daily hourly,meta
745,,a,"New York, NY",United States of America (the),40.7,-74.015,6/2/1920,12/31/2021,daily hourly,daily hourly,daily hourly,daily hourly,meta
746,,a,"Cape May, NJ",United States of America (the),38.968,-74.96,11/22/1965,12/31/2021,daily hourly,daily hourly,daily hourly,daily hourly,meta
747,,a,"Lewes, DE",United States of America (the),38.782,-75.12,2/2/1919,12/31/2021,daily hourly,daily hourly,daily hourly,daily hourly,meta
749,,a,Chesapeake BBT,United States of America (the),36.967,-76.113,1/30/1975,12/31/2016,daily hourly,daily hourly,daily hourly,daily hourly,meta
750,,a,"Wilmington, NC",United States of America (the),34.227,-77.953,12/29/1935,12/31/2021,daily hourly,daily hourly,daily hourly,daily hourly,meta
752,289,a,"Fort Pulaski, GA",United States of America (the),32.033,-80.902,7/2/1935,12/31/2021,daily hourly,daily hourly,daily hourly,daily hourly,meta
753,,a,"Mayport, FL",United States of America (the),30.395,-81.432,4/27/1928,11/30/2000,daily hourly,daily hourly,daily hourly,daily hourly,meta
754,,a,"Cocoa Beach, FL",United States of America (the),28.368,-80.6,10/18/1994,12/31/1996,daily hourly,daily hourly,daily hourly,daily hourly,meta
755,218,a,"Virginia Key, FL",United States of America (the),25.732,-80.162,1/29/1994,12/31/2021,daily hourly,daily hourly,daily hourly,daily hourly,meta
757,,a,"Naples, FL",United States of America (the),26.13,-81.807,3/5/1965,12/31/2021,daily hourly,daily hourly,daily hourly,daily hourly,meta
759,,a,"St. Petersburg, FL",United States of America (the),27.76,-82.627,12/25/1946,12/31/2021,daily hourly,daily hourly,daily hourly,daily hourly,meta
760,,a,"Apalachicola, FL",United States of America (the),29.727,-84.982,4/2/1976,12/31/2021,daily hourly,daily hourly,daily hourly,daily hourly,meta
761,,a,Panama City Beach,United States of America (the),30.213,-85.88,1/1/1993,12/31/2022,daily hourly,daily hourly,daily hourly,daily hourly,meta
762,288,a,"Pensacola, FL",United States of America (the),30.403,-87.213,5/2/1923,12/31/2021,daily hourly,daily hourly,daily hourly,daily hourly,meta
763,,a,"Dauphin Island, AL",United States of America (the),30.25,-88.075,4/1/1981,12/31/2021,daily hourly,daily hourly,daily hourly,daily hourly,meta
764,,a,"South Pass, LA",United States of America (the),28.99,-89.14,3/30/1993,1/31/1999,daily hourly,daily hourly,daily hourly,daily hourly,meta
765,,a,"Grand Isle, LA",United States of America (the),29.263,-89.957,1/1/1980,12/31/2021,daily hourly,daily hourly,daily hourly,daily hourly,meta
766,,a,"Sabine Pass N, TX",United States of America (the),29.73,-93.87,1/29/1985,9/30/2020,daily hourly,daily hourly,daily hourly,daily hourly,meta
767,217,a,"Galveston, P.Pier",United States of America (the),29.287,-94.79,8/22/1957,7/19/2011,daily hourly,daily hourly,daily hourly,daily hourly,meta
769,,a,"Rockport, TX",United States of America (the),28.022,-97.047,3/2/1937,12/31/2021,daily hourly,daily hourly,daily hourly,daily hourly,meta
770,,a,"Corpus Cristi, TX",United States of America (the),27.58,-97.217,12/2/1983,12/31/2021,daily hourly,daily hourly,daily hourly,daily hourly,meta
772,,a,"Port Isabel, TX",United States of America (the),26.06,-97.215,4/2/1944,12/31/2021,daily hourly,daily hourly,daily hourly,daily hourly,meta
773,,a,"Clearwater Bch, FL",United States of America (the),27.977,-82.832,1/1/1996,12/31/2021,daily hourly,daily hourly,daily hourly,daily hourly,meta
774,,a,"Port Canaveral, FL",United States of America (the),28.415,-80.593,10/22/1994,12/31/2021,daily hourly,daily hourly,daily hourly,daily hourly,meta
775,217,a,"Galveston, Pier 21",United States of America (the),29.31,-94.793,1/2/1904,12/31/2021,daily hourly,daily hourly,daily hourly,daily hourly,meta
776,,a,Punta Cana,Dominican Republic (the),18.505,-68.375,6/19/2010,12/31/2018,daily hourly,daily hourly,daily hourly,daily hourly,meta
777,,a,Puerto Plata,Dominican Republic (the),19.798,-70.702,6/22/2010,9/4/2017,daily hourly,daily hourly,daily hourly,daily hourly,meta
778,,a,Willemstad,Curacao,12.103,-68.942,1/13/2011,4/3/2012,daily hourly,daily hourly,daily hourly,daily hourly,meta
779,,a,Ciudad del Carmen,Mexico,18.533,-91.833,1/2/1957,12/31/1979,daily hourly,daily hourly,daily hourly,daily hourly,meta
780,,a,Puerto Cortes,Honduras,15.835,-87.87,2/6/1948,12/31/1968,daily hourly,daily hourly,daily hourly,daily hourly,meta
780,,b,Puerto Cortes,Honduras,15.835,-87.87,2/1/2001,1/31/2002,daily hourly,daily hourly,daily hourly,daily hourly,meta
781,,a,Belize,Belize,17.5,-88.183,1/2/1964,10/1/1967,daily hourly,daily hourly,daily hourly,daily hourly,meta
782,210,a,Port Royal,Jamaica,17.933,-76.85,1/2/1965,12/31/1971,daily hourly,daily hourly,daily hourly,daily hourly,meta
783,,a,"Fajardo, PR",Puerto Rico,18.333,-65.633,8/17/1921,7/29/1923,daily hourly,daily hourly,daily hourly,daily hourly,meta
783,,b,"Fajardo, PR",Puerto Rico,18.333,-65.633,10/7/2008,9/19/2017,daily hourly,daily hourly,daily hourly,daily hourly,meta
784,,a,Puerto Castilla,Honduras,16.017,-86.033,6/3/1955,11/30/1967,daily hourly,daily hourly,daily hourly,daily hourly,meta
786,,a,Roseau,Dominica,15.313,-61.39,5/17/2011,2/28/2015,daily hourly,daily hourly,daily hourly,daily hourly,meta
789,,a,Prickley Bay,Grenada,12.005,-61.765,5/11/2011,12/31/2018,daily hourly,daily hourly,daily hourly,daily hourly,meta
799,209,a,Portu-Prince,Haiti,18.567,-72.35,12/1/2011,12/31/2018,daily hourly,daily hourly,daily hourly,daily hourly,meta
800,322,a,Andenes,Norway,69.317,16.15,10/10/1991,12/31/2018,daily hourly,daily hourly,daily hourly,daily hourly,meta
801,,a,Honningsvag,Norway,70.983,25.983,6/2/1988,12/30/2014,daily hourly,daily hourly,daily hourly,daily hourly,meta
802,,a,Maloy,Norway,61.933,5.117,4/22/1986,12/30/2014,daily hourly,daily hourly,daily hourly,daily hourly,meta
803,234,a,Rorvik,Norway,64.867,11.25,8/19/1969,12/31/2018,daily hourly,daily hourly,daily hourly,daily hourly,meta
804,321,a,Tregde,Norway,58,7.567,10/5/1927,12/31/2018,daily hourly,daily hourly,daily hourly,daily hourly,meta
805,323,a,Vardo,Norway,70.333,31.1,9/11/1947,12/30/2018,daily hourly,daily hourly,daily hourly,daily hourly,meta
806,,a,Nouakchott,Mauritania,17.99,-16.037,1/6/2007,2/8/2015,daily hourly,daily hourly,daily hourly,daily hourly,meta
807,349,a,Alexandria,Egypt,31.212,29.923,11/7/2009,1/16/2016,daily hourly,daily hourly,daily hourly,daily hourly,meta
816,350,a,Port Sonara,Cameroon,4.007,9.127,6/24/2008,6/24/2011,daily hourly,daily hourly,daily hourly,daily hourly,meta
819,233,a,Goteborgorsh.,Sweden,57.683,11.8,11/3/1967,12/31/2014,daily hourly,daily hourly,daily hourly,daily hourly,meta
822,242,a,Brest,France,48.383,-4.5,1846-01-04,12/31/2018,daily hourly,daily hourly,daily hourly,daily hourly,meta
823,345,a,Nylesund,Norway,78.933,11.95,8/31/1976,12/29/2018,daily hourly,daily hourly,daily hourly,daily hourly,meta
824,205,a,Marseille,France,43.278,5.353,1849-11-02,12/31/2018,daily hourly,daily hourly,daily hourly,daily hourly,meta
825,284,a,Cuxhaven,Germany,53.867,8.717,12/29/1917,7/11/2023,daily hourly,daily hourly,daily hourly,daily hourly,meta
826,341,a,Stockholm,Sweden,59.325,18.082,1889-01-01,12/31/2014,daily hourly,daily hourly,daily hourly,daily hourly,meta
830,243,a,La Coruna,Spain,43.367,-8.4,3/1/1943,12/31/2017,daily hourly,daily hourly,daily hourly,daily hourly,meta
832,342,a,Rothera,United Kingdom of Great Britain and Northern Ireland (the),-67.567,-68.133,12/24/2002,9/5/2018,daily hourly,daily hourly,daily hourly,daily hourly,meta
833,224,a,Nain,Canada,56.55,-61.683,10/18/1963,12/31/2018,daily hourly,daily hourly,daily hourly,daily hourly,meta
834,239,a,Malin Head,Ireland,55.367,-7.333,1/17/1958,12/31/2001,daily hourly,daily hourly,daily hourly,daily hourly,meta
835,330,a,Castletownbere,Ireland,51.65,-9.903,12/17/2004,12/31/2008,daily hourly,daily hourly,daily hourly,daily hourly,meta
837,,a,Gedser,Denmark,54.567,11.933,1891-09-02,12/31/2012,daily hourly,daily hourly,daily hourly,daily hourly,meta
838,,a,Hornbaek,Denmark,56.1,12.467,1891-01-02,12/31/2012,daily hourly,daily hourly,daily hourly,daily hourly,meta
850,,a,Ile Royale,France,5.285,-52.585,5/17/1989,12/31/2018,daily hourly,daily hourly,daily hourly,daily hourly,meta
851,,a,"I Royal, AnseLegoff",France,5.288,-52.587,5/17/1989,12/5/2007,daily hourly,daily hourly,daily hourly,daily hourly,meta
860,,a,Puerto Moreles,Mexico,20.868,-86.867,10/23/2007,6/25/2013,daily hourly,daily hourly,daily hourly,daily hourly,meta
861,,a,Celestun,Mexico,20.858,-90.403,2/12/2010,8/18/2011,daily hourly,daily hourly,daily hourly,daily hourly,meta
862,,a,"Telchac, Yuk.",Mexico,21.34,-89.308,12/1/2011,4/29/2013,daily hourly,daily hourly,daily hourly,daily hourly,meta
878,,a,Bullen Bay,Curacao,12.187,-69.02,10/17/2013,12/31/2018,daily hourly,daily hourly,daily hourly,daily hourly,meta
900,10,a,Inhambane,Mozambique,-23.868,35.377,7/2/2011,9/27/2011,daily hourly,daily hourly,daily hourly,daily hourly,meta
906,141,a,Moulmein,Myanmar,16.465,97.622,12/1/2006,12/31/2018,daily hourly,daily hourly,daily hourly,daily hourly,meta
907,37,a,Akyab (Sittwe),Myanmar,20.14,92.903,9/8/2006,12/31/2018,daily hourly,daily hourly,daily hourly,daily hourly,meta
915,337,a,Chabahar,Iran (Islamic Republic of),25.297,60.603,11/1/2007,12/31/2016,daily hourly,daily hourly,daily hourly,daily hourly,meta
Charlottetown,,a,PEI,Canada,46.230587,-63.122522,1/1/1943,12/31/2023,,,,,
